Post code,Post office name,Branch,Post office level,Status,Pickup Branch,Commune EN,Branch Code,Category,Search Text
BANA001,Chamnaom,BAN - Banteay Meanchey,Agent,In effect,BANA001,Chamnaom,BAN,Agent,BANA001 | Chamnaom | Chamnaom | 0716111197 | BAN | Banteay Meanchey | Banteay Meanchey | Agent
BANA002,Paoy Paet,BAN - Banteay Meanchey,Agent,In effect,BANA002,Paoy Paet,BAN,Agent,BANA002 | Paoy Paet | Paoy Paet | 068664966 | BAN | Banteay Meanchey | Banteay Meanchey | Agent
BANA003,Preah Punlea,BAN - Banteay Meanchey,Agent,In effect,BANA003,Preah Punlea,BAN,Agent,BANA003 | Preah Punlea | Preah Punlea | 0884844416 | BAN | Banteay Meanchey | Banteay Meanchey | Agent
BANA004,Phsar Kandal,BAN - Banteay Meanchey,Agent,In effect,BANA004,Phsar Kandal,BAN,Agent,BANA004 | Phsar Kandal | Phsar Kandal | 0882344488 | BAN | Banteay Meanchey | Banteay Meanchey | Agent
BANA005,Ou Ruessei,BAN - Banteay Meanchey,Agent,In effect,BANA005,Ou Ruessei,BAN,Agent,BANA005 | Ou Ruessei | Ou Ruessei | 0977842760 | BAN | Banteay Meanchey | Banteay Meanchey | Agent
BANA006,Roluos,BAN - Banteay Meanchey,Agent,In effect,BANA006,Roluos,BAN,Agent,BANA006 | Roluos | Roluos | 067253334 | BAN | Banteay Meanchey | Banteay Meanchey | Agent
BANA007,Phnum Touch,BAN - Banteay Meanchey,Agent,In effect,BANA007,Phnum Touch,BAN,Agent,BANA007 | Phnum Touch | Phnum Touch | 0973991168 | BAN | Banteay Meanchey | Banteay Meanchey | Agent
BANA008,Paoy Char,BAN - Banteay Meanchey,Agent,In effect,BANA008,Paoy Char,BAN,Agent,BANA008 | Paoy Char | Paoy Char | 0889574697 | BAN | Banteay Meanchey | Banteay Meanchey | Agent
BANA009,Chub Vari,BAN - Banteay Meanchey,Agent,In effect,BANA009,Chub Vari,BAN,Agent,BANA009 | Chub Vari | Chub Vari | 0717333545 | BAN | Banteay Meanchey | Banteay Meanchey | Agent
BANA010,Banteay Chhmar,BAN - Banteay Meanchey,Agent,In effect,BANA010,Banteay Chhmar,BAN,Agent,BANA010 | Banteay Chhmar | Banteay Chhmar | 0976111877 | BAN | Banteay Meanchey | Banteay Meanchey | Agent
BANA011,Kampong Svay,BAN - Banteay Meanchey,Agent,In effect,BANA011,Kampong Svay,BAN,Agent,BANA011 | Kampong Svay | Kampong Svay | 066824778 | BAN | Banteay Meanchey | Banteay Meanchey | Agent
BANA012,Malai,BAN - Banteay Meanchey,Agent,In effect,BANA012,Malai,BAN,Agent,BANA012 | Malai | Malai | 0313339007 | BAN | Banteay Meanchey | Banteay Meanchey | Agent
BANA013,Thma Puok,BAN - Banteay Meanchey,Agent,In effect,BANA013,Thma Puok,BAN,Agent,BANA013 | Thma Puok | Thma Puok | 0974331131 | BAN | Banteay Meanchey | Banteay Meanchey | Agent
BANA014,Koub,BAN - Banteay Meanchey,Agent,In effect,BANA014,Koub,BAN,Agent,BANA014 | Koub | Koub | 0973037787 | BAN | Banteay Meanchey | Banteay Meanchey | Agent
BANA015,Changha,BAN - Banteay Meanchey,Agent,In effect,BANA015,Changha,BAN,Agent,BANA015 | Changha | Changha | 068982047 | BAN | Banteay Meanchey | Banteay Meanchey | Agent
BANA016,Phnum Lieb,BAN - Banteay Meanchey,Agent,In effect,BANA016,Phnum Lieb,BAN,Agent,BANA016 | Phnum Lieb | Phnum Lieb | 0885960140 | BAN | Banteay Meanchey | Banteay Meanchey | Agent
BANA017,Punley,BAN - Banteay Meanchey,Agent,In effect,BANA017,Punley,BAN,Agent,BANA017 | Punley | Punley | 0975662211 | BAN | Banteay Meanchey | Banteay Meanchey | Agent
BANA018,Sla Kram,BAN - Banteay Meanchey,Agent,In effect,BANA018,Sla Kram,BAN,Agent,BANA018 | Sla Kram | Sla Kram | 0972078889 | BAN | Banteay Meanchey | Banteay Meanchey | Agent
BANA020,Banteay Neang,BAN - Banteay Meanchey,Agent,In effect,BANA020,Banteay Neang,BAN,Agent,BANA020 | Banteay Neang | Banteay Neang | 067895868 | BAN | Banteay Meanchey | Banteay Meanchey | Agent
BANA021,Lay Kimleng,BAN - Banteay Meanchey,Agent,In effect,BANA021,Lay Kimleng,BAN,Agent,BANA021 | Lay Kimleng | Lay Kimleng | 0714497449 | BAN | Banteay Meanchey | Banteay Meanchey | Agent
BANP001,Serei Saophoan,BAN - Banteay Meanchey,Post Office,In effect,BANP001,Serei Saophoan,BAN,Post Office,BANP001 | Serei Saophoan | Serei Saophoan | 0316000285 | BAN | Banteay Meanchey | Banteay Meanchey | Post Office
BANS001,Ou Ambel,BAN - Banteay Meanchey,Showroom,In effect,BANS001,Ou Ambel,BAN,Showroom,BANS001 | Ou Ambel | Ou Ambel | 0976868001 | BAN | Banteay Meanchey | Banteay Meanchey | Showroom
BANS002,Paoy Paet,BAN - Banteay Meanchey,Showroom,In effect,BANS002,Paoy Paet,BAN,Showroom,BANS002 | Paoy Paet | Paoy Paet | 0976868001 | BAN | Banteay Meanchey | Banteay Meanchey | Showroom
BANS003,Thma Puok,BAN - Banteay Meanchey,Showroom,In effect,BANS003,Thma Puok,BAN,Showroom,BANS003 | Thma Puok | Thma Puok | 0976868003 | BAN | Banteay Meanchey | Banteay Meanchey | Showroom
BANS004,Srah Chik,BAN - Banteay Meanchey,Showroom,In effect,BANS004,Srah Chik,BAN,Showroom,BANS004 | Srah Chik | Srah Chik | 0976868004 | BAN | Banteay Meanchey | Banteay Meanchey | Showroom
BCTEST6,BCTEST6,BAN - Banteay Meanchey,Post Office,Out of effect,BCTEST6,BCTEST6,BAN,Post Office,BCTEST6 | BCTEST6 | BCTEST6 | BAN | Banteay Meanchey | Banteay Meanchey | Post Office
HZ4P01,Head Office Z4,BAN - Banteay Meanchey,Post Office,In effect,HZ4P01,Head Office Z4,BAN,Post Office,HZ4P01 | Head Office Z4 | Head Office Z4 | BAN | Banteay Meanchey | Banteay Meanchey | Post Office
BATA001,Chomkar Somraong,BAT - Battambang,Agent,In effect,BATA001,Chomkar Somraong,BAT,Agent,BATA001 | Chomkar Somraong | Chomkar Somraong | 092281838 | BAT | Battambang | Battambang | Agent
BATA002,Kampong Prieng,BAT - Battambang,Agent,In effect,BATA002,Kampong Prieng,BAT,Agent,BATA002 | Kampong Prieng | Kampong Prieng | 0313804400 | BAT | Battambang | Battambang | Agent
BATA003,Phnum Sampov,BAT - Battambang,Agent,In effect,BATA003,Phnum Sampov,BAT,Agent,BATA003 | Phnum Sampov | Phnum Sampov | 0975055550 | BAT | Battambang | Battambang | Agent
BATA004,Vaot Ta Muem 01,BAT - Battambang,Agent,In effect,BATA004,Vaot Ta Muem 01,BAT,Agent,BATA004 | Vaot Ta Muem 01 | Vaot Ta Muem 01 | 0889678999 | BAT | Battambang | Battambang | Agent
BATA005,Tuol Ta Ek,BAT - Battambang,Agent,In effect,BATA005,Tuol Ta Ek,BAT,Agent,BATA005 | Tuol Ta Ek | Tuol Ta Ek | 0977705535 | BAT | Battambang | Battambang | Agent
BATA006,Moung,BAT - Battambang,Agent,In effect,BATA006,Moung,BAT,Agent,BATA006 | Moung | Moung | 0976083766 | BAT | Battambang | Battambang | Agent
BATA007,Snoeng,BAT - Battambang,Agent,In effect,BATA007,Snoeng,BAT,Agent,BATA007 | Snoeng | Snoeng | 0888876795 | BAT | Battambang | Battambang | Agent
BATA008,Vaot Ta Muem 02,BAT - Battambang,Agent,In effect,BATA008,Vaot Ta Muem 02,BAT,Agent,BATA008 | Vaot Ta Muem 02 | Vaot Ta Muem 02 | 0712700200 | BAT | Battambang | Battambang | Agent
BATA009,REM SOCHEA,BAT - Battambang,Agent,In effect,BATA009,REM SOCHEA,BAT,Agent,BATA009 | REM SOCHEA | REM SOCHEA | 0889977774 | BAT | Battambang | Battambang | Agent
BATA010,Santepheap,BAT - Battambang,Agent,In effect,BATA010,Santepheap,BAT,Agent,BATA010 | Santepheap | Santepheap | 0719596977 | BAT | Battambang | Battambang | Agent
BATA011,Boeng Reang,BAT - Battambang,Agent,In effect,BATA011,Boeng Reang,BAT,Agent,BATA011 | Boeng Reang | Boeng Reang | 067843333 | BAT | Battambang | Battambang | Agent
BATA012,Bour,BAT - Battambang,Agent,In effect,BATA012,Bour,BAT,Agent,BATA012 | Bour | Bour | 0884477766 | BAT | Battambang | Battambang | Agent
BATA013,Pech Chenda 01,BAT - Battambang,Agent,In effect,BATA013,Pech Chenda 01,BAT,Agent,BATA013 | Pech Chenda 01 | Pech Chenda 01 | 0977878161 | BAT | Battambang | Battambang | Agent
BATA014,Pech Chenda 02,BAT - Battambang,Agent,In effect,BATA014,Pech Chenda 02,BAT,Agent,BATA014 | Pech Chenda 02 | Pech Chenda 02 | 0977777893 | BAT | Battambang | Battambang | Agent
BATA015,Sdok Pravoek,BAT - Battambang,Agent,In effect,BATA015,Sdok Pravoek,BAT,Agent,BATA015 | Sdok Pravoek | Sdok Pravoek | 0716709006 | BAT | Battambang | Battambang | Agent
BATA016,Ta Kream,BAT - Battambang,Agent,In effect,BATA016,Ta Kream,BAT,Agent,BATA016 | Ta Kream | Ta Kream | 0717111122 | BAT | Battambang | Battambang | Agent
BATA017,Ta Sanh,BAT - Battambang,Agent,In effect,BATA017,Ta Sanh,BAT,Agent,BATA017 | Ta Sanh | Ta Sanh | 0714776666 | BAT | Battambang | Battambang | Agent
BATA018,Kampong Lpov,BAT - Battambang,Agent,In effect,BATA018,Kampong Lpov,BAT,Agent,BATA018 | Kampong Lpov | Kampong Lpov | 066811551 | BAT | Battambang | Battambang | Agent
BATA019,Traeng,BAT - Battambang,Agent,In effect,BATA019,Traeng,BAT,Agent,BATA019 | Traeng | Traeng | 0714263333 | BAT | Battambang | Battambang | Agent
BATA021,Preaek Chik,BAT - Battambang,Agent,In effect,BATA021,Preaek Chik,BAT,Agent,BATA021 | Preaek Chik | Preaek Chik | 0719462246 | BAT | Battambang | Battambang | Agent
BATA022,Bavel,BAT - Battambang,Agent,In effect,BATA022,Bavel,BAT,Agent,BATA022 | Bavel | Bavel | 060244232 | BAT | Battambang | Battambang | Agent
BATA023,Chrey,BAT - Battambang,Agent,In effect,BATA023,Chrey,BAT,Agent,BATA023 | Chrey | Chrey | 068444789 | BAT | Battambang | Battambang | Agent
BATA024,Boeng Pring,BAT - Battambang,Agent,In effect,BATA024,Boeng Pring,BAT,Agent,BATA024 | Boeng Pring | Boeng Pring | 0719066617 | BAT | Battambang | Battambang | Agent
BATA025,Ta Pung,BAT - Battambang,Agent,In effect,BATA025,Ta Pung,BAT,Agent,BATA025 | Ta Pung | Ta Pung | 066864422 | BAT | Battambang | Battambang | Agent
BATA026,Svay Por,BAT - Battambang,Agent,In effect,BATA026,Svay Por,BAT,Agent,BATA026 | Svay Por | Svay Por | 0886888897 | BAT | Battambang | Battambang | Agent
BATA027,Ou Ta Ki,BAT - Battambang,Agent,In effect,BATA027,Ou Ta Ki,BAT,Agent,BATA027 | Ou Ta Ki | Ou Ta Ki | 0318424242 | BAT | Battambang | Battambang | Agent
BATA028,Ta Sda,BAT - Battambang,Agent,In effect,BATA028,Ta Sda,BAT,Agent,BATA028 | Ta Sda | Ta Sda | 0314157888 | BAT | Battambang | Battambang | Agent
BATA029,Thipakdei,BAT - Battambang,Agent,In effect,BATA029,Thipakdei,BAT,Agent,BATA029 | Thipakdei | Thipakdei | 0979928802 | BAT | Battambang | Battambang | Agent
BATA030,Prey Svay,BAT - Battambang,Agent,In effect,BATA030,Prey Svay,BAT,Agent,BATA030 | Prey Svay | Prey Svay | 0319992324 | BAT | Battambang | Battambang | Agent
BATA032,Sdau,BAT - Battambang,Agent,In effect,BATA032,Sdau,BAT,Agent,BATA032 | Sdau | Sdau | 0886384445 | BAT | Battambang | Battambang | Agent
BATA033,Ampil Pram Daeum,BAT - Battambang,Agent,In effect,BATA033,Ampil Pram Daeum,BAT,Agent,BATA033 | Ampil Pram Daeum | Ampil Pram Daeum | 0886666033 | BAT | Battambang | Battambang | Agent
BATA034,Ou Char,BAT - Battambang,Agent,In effect,BATA034,Ou Char,BAT,Agent,BATA034 | Ou Char | Ou Char | 090471804 | BAT | Battambang | Battambang | Agent
BATA035,Anlung Vil,BAT - Battambang,Agent,In effect,BATA035,Anlung Vil,BAT,Agent,BATA035 | Anlung Vil | Anlung Vil | 0718525353 | BAT | Battambang | Battambang | Agent
BATA036,Vaot Ta Muem,BAT - Battambang,Agent,In effect,BATA036,Vaot Ta Muem,BAT,Agent,BATA036 | Vaot Ta Muem | Vaot Ta Muem | 0889595557 | BAT | Battambang | Battambang | Agent
BATA037,Peam Aek,BAT - Battambang,Agent,In effect,BATA037,Peam Aek,BAT,Agent,BATA037 | Peam Aek | Peam Aek | 0973366686 | BAT | Battambang | Battambang | Agent
BATA038,Prey Khpos,BAT - Battambang,Agent,In effect,BATA038,Prey Khpos,BAT,Agent,BATA038 | Prey Khpos | Prey Khpos | 0979676228 | BAT | Battambang | Battambang | Agent
BATA039,Mukh Rea,BAT - Battambang,Agent,In effect,BATA039,Mukh Rea,BAT,Agent,BATA039 | Mukh Rea | Mukh Rea | 0979655007 | BAT | Battambang | Battambang | Agent
BATA040,Prek Preah Sdach,BAT - Battambang,Agent,In effect,BATA040,Prek Preah Sdach,BAT,Agent,BATA040 | Prek Preah Sdach | Prek Preah Sdach | 0718378888 | BAT | Battambang | Battambang | Agent
BATA041,Moung Ruessei,BAT - Battambang,Agent,In effect,BATA041,Moung Ruessei,BAT,Agent,BATA041 | Moung Ruessei | Moung Ruessei | 0965244331 | BAT | Battambang | Battambang | Agent
BATA042,Sreng Koemlong,BAT - Battambang,Agent,In effect,BATA042,Sreng Koemlong,BAT,Agent,BATA042 | Sreng Koemlong | Sreng Koemlong | 0979542413 | BAT | Battambang | Battambang | Agent
BATP001,Battambang,BAT - Battambang,Post Office,In effect,BATP001,Battambang,BAT,Post Office,BATP001 | Battambang | Battambang | 0972277127 | BAT | Battambang | Battambang | Post Office
BATS001,Tuol Ta Ek,BAT - Battambang,Showroom,Out of effect,BATS001,Tuol Ta Ek,BAT,Showroom,BATS001 | Tuol Ta Ek | Tuol Ta Ek | 0972282257 | BAT | Battambang | Battambang | Showroom
BATS002,Ta Pung,BAT - Battambang,Showroom,Out of effect,BATS002,Ta Pung,BAT,Showroom,BATS002 | Ta Pung | Ta Pung | 0888894466 | BAT | Battambang | Battambang | Showroom
BATS003,Boeng Reang,BAT - Battambang,Showroom,Out of effect,BATS003,Boeng Reang,BAT,Showroom,BATS003 | Boeng Reang | Boeng Reang | BAT | Battambang | Battambang | Showroom
BATS004,Santepheap,BAT - Battambang,Showroom,Out of effect,BATS004,Santepheap,BAT,Showroom,BATS004 | Santepheap | Santepheap | BAT | Battambang | Battambang | Showroom
BATS005,Sdau,BAT - Battambang,Showroom,Out of effect,BATS005,Sdau,BAT,Showroom,BATS005 | Sdau | Sdau | 068444789 | BAT | Battambang | Battambang | Showroom
BATS006,Bavel,BAT - Battambang,Showroom,Out of effect,BATS006,Bavel,BAT,Showroom,BATS006 | Bavel | Bavel | 090929939 | BAT | Battambang | Battambang | Showroom
BATS007,Moung,BAT - Battambang,Showroom,In effect,BATS007,Moung,BAT,Showroom,BATS007 | Moung | Moung | 0885676516 | BAT | Battambang | Battambang | Showroom
BATS008,Sdau,BAT - Battambang,Showroom,Out of effect,BATS008,Sdau,BAT,Showroom,BATS008 | Sdau | Sdau | BAT | Battambang | Battambang | Showroom
DVCZ2,Vehicle Team Z2,BAT - Battambang,Post Office,In effect,DVCZ2,Vehicle Team Z2,BAT,Post Office,DVCZ2 | Vehicle Team Z2 | Vehicle Team Z2 | BAT | Battambang | Battambang | Post Office
HUBBAT01,Hub vùng HUBBAT01,BAT - Battambang,Warehouse / Hub,Out of effect,HUBBAT01,Hub vùng HUBBAT01,BAT,Warehouse / Hub,HUBBAT01 | Hub vùng HUBBAT01 | Hub vùng HUBBAT01 | BAT | Battambang | Battambang | Warehouse / Hub
HZ3P01,Head Office Z3,BAT - Battambang,Post Office,In effect,HZ3P01,Head Office Z3,BAT,Post Office,HZ3P01 | Head Office Z3 | Head Office Z3 | BAT | Battambang | Battambang | Post Office
KVBAT01,Kho vùng BAT,BAT - Battambang,Warehouse / Hub,Out of effect,KVBAT01,Kho vùng BAT,BAT,Warehouse / Hub,KVBAT01 | Kho vùng BAT | Kho vùng BAT | BAT | Battambang | Battambang | Warehouse / Hub
CHAA001,Peam Prathnuoh,CHA - Kampong Cham,Agent,In effect,CHAA001,Peam Prathnuoh,CHA,Agent,CHAA001 | Peam Prathnuoh | Peam Prathnuoh | 0888664145 | CHA | Kampong Cham | Kampong Cham | Agent
CHAA002,Chrey Vien,CHA - Kampong Cham,Agent,In effect,CHAA002,Chrey Vien,CHA,Agent,CHAA002 | Chrey Vien | Chrey Vien | 067665432 | CHA | Kampong Cham | Kampong Cham | Agent
CHAA003,Kor,CHA - Kampong Cham,Agent,In effect,CHAA003,Kor,CHA,Agent,CHAA003 | Kor | Kor | 066666642 | CHA | Kampong Cham | Kampong Cham | Agent
CHAA004,Sandaek,CHA - Kampong Cham,Agent,In effect,CHAA004,Sandaek,CHA,Agent,CHAA004 | Sandaek | Sandaek | 0886341117 | CHA | Kampong Cham | Kampong Cham | Agent
CHAA005,Me Sar Chrey,CHA - Kampong Cham,Agent,In effect,CHAA005,Me Sar Chrey,CHA,Agent,CHAA005 | Me Sar Chrey | Me Sar Chrey | 060373336 | CHA | Kampong Cham | Kampong Cham | Agent
CHAA006,Peam Chi Kang,CHA - Kampong Cham,Agent,In effect,CHAA006,Peam Chi Kang,CHA,Agent,CHAA006 | Peam Chi Kang | Peam Chi Kang | 0979008412 | CHA | Kampong Cham | Kampong Cham | Agent
CHAA007,Ta Prok,CHA - Kampong Cham,Agent,In effect,CHAA007,Ta Prok,CHA,Agent,CHAA007 | Ta Prok | Ta Prok | 0714862222 | CHA | Kampong Cham | Kampong Cham | Agent
CHAA008,Thma Pun,CHA - Kampong Cham,Agent,In effect,CHAA008,Thma Pun,CHA,Agent,CHAA008 | Thma Pun | Thma Pun | 0313100028 | CHA | Kampong Cham | Kampong Cham | Agent
CHAA009,Tang Krang,CHA - Kampong Cham,Agent,In effect,CHAA009,Tang Krang,CHA,Agent,CHAA009 | Tang Krang | Tang Krang | 0716601215 | CHA | Kampong Cham | Kampong Cham | Agent
CHAA010,Bos Khnor,CHA - Kampong Cham,Agent,In effect,CHAA010,Bos Khnor,CHA,Agent,CHAA010 | Bos Khnor | Bos Khnor | 0717774841 | CHA | Kampong Cham | Kampong Cham | Agent
CHAA011,Lvea,CHA - Kampong Cham,Agent,In effect,CHAA011,Lvea,CHA,Agent,CHAA011 | Lvea | Lvea | 0319621863 | CHA | Kampong Cham | Kampong Cham | Agent
CHAA012,Khvet Thum,CHA - Kampong Cham,Agent,In effect,CHAA012,Khvet Thum,CHA,Agent,CHAA012 | Khvet Thum | Khvet Thum | 0976561888 | CHA | Kampong Cham | Kampong Cham | Agent
CHAA013,Chealea,CHA - Kampong Cham,Agent,In effect,CHAA013,Chealea,CHA,Agent,CHAA013 | Chealea | Chealea | 0977713334 | CHA | Kampong Cham | Kampong Cham | Agent
CHAA014,Batheay,CHA - Kampong Cham,Agent,In effect,CHAA014,Batheay,CHA,Agent,CHAA014 | Batheay | Batheay | 0716363168 | CHA | Kampong Cham | Kampong Cham | Agent
CHAA015,Soutib,CHA - Kampong Cham,Agent,In effect,CHAA015,Soutib,CHA,Agent,CHAA015 | Soutib | Soutib | 0979431314 | CHA | Kampong Cham | Kampong Cham | Agent
CHAA016,Veal Vung,CHA - Kampong Cham,Agent,In effect,CHAA016,Veal Vung,CHA,Agent,CHAA016 | Veal Vung | Veal Vung | 0718010101 | CHA | Kampong Cham | Kampong Cham | Agent
CHAA017,Areak Tnaot,CHA - Kampong Cham,Agent,In effect,CHAA017,Areak Tnaot,CHA,Agent,CHAA017 | Areak Tnaot | Areak Tnaot | 0973399000 | CHA | Kampong Cham | Kampong Cham | Agent
CHAA018,Kampong Cham,CHA - Kampong Cham,Agent,In effect,CHAA018,Kampong Cham,CHA,Agent,CHAA018 | Kampong Cham | Kampong Cham | 0974128678 | CHA | Kampong Cham | Kampong Cham | Agent
CHAA019,Roka Koy,CHA - Kampong Cham,Agent,In effect,CHAA019,Roka Koy,CHA,Agent,CHAA019 | Roka Koy | Roka Koy | 0977644227 | CHA | Kampong Cham | Kampong Cham | Agent
CHAA020,Hanchey,CHA - Kampong Cham,Agent,In effect,CHAA020,Hanchey,CHA,Agent,CHAA020 | Hanchey | Hanchey | 0713333612 | CHA | Kampong Cham | Kampong Cham | Agent
CHAA021,Svay Pou,CHA - Kampong Cham,Agent,In effect,CHAA021,Svay Pou,CHA,Agent,CHAA021 | Svay Pou | Svay Pou | 068536475 | CHA | Kampong Cham | Kampong Cham | Agent
CHAA022,Preak Kak,CHA - Kampong Cham,Agent,In effect,CHAA022,Preak Kak,CHA,Agent,CHAA022 | Preak Kak | Preak Kak | 0888855293 | CHA | Kampong Cham | Kampong Cham | Agent
CHAA023,Preak Rumdeng,CHA - Kampong Cham,Agent,In effect,CHAA023,Preak Rumdeng,CHA,Agent,CHAA023 | Preak Rumdeng | Preak Rumdeng | 0884421662 | CHA | Kampong Cham | Kampong Cham | Agent
CHAA024,Tumnob,CHA - Kampong Cham,Agent,In effect,CHAA024,Tumnob,CHA,Agent,CHAA024 | Tumnob | Tumnob | 090999000 | CHA | Kampong Cham | Kampong Cham | Agent
CHAA025,Lom Hae,CHA - Kampong Cham,Agent,In effect,CHAA025,Lom Hae,CHA,Agent,CHAA025 | Lom Hae | Lom Hae | 0977865168 | CHA | Kampong Cham | Kampong Cham | Agent
CHAP001,Kampong Cham,CHA - Kampong Cham,Post Office,In effect,CHAP001,Kampong Cham,CHA,Post Office,CHAP001 | Kampong Cham | Kampong Cham | 067981954 | CHA | Kampong Cham | Kampong Cham | Post Office
CHAS001,Veal Vung,CHA - Kampong Cham,Showroom,In effect,CHAS001,Veal Vung,CHA,Showroom,CHAS001 | Veal Vung | Veal Vung | 0884531122 | CHA | Kampong Cham | Kampong Cham | Showroom
CHAS002,Preak Kak,CHA - Kampong Cham,Showroom,In effect,CHAS002,Preak Kak,CHA,Showroom,CHAS002 | Preak Kak | Preak Kak | 0718040003 | CHA | Kampong Cham | Kampong Cham | Showroom
CHAS003,Soutib,CHA - Kampong Cham,Showroom,In effect,CHAS003,Soutib,CHA,Showroom,CHAS003 | Soutib | Soutib | 0977310368 | CHA | Kampong Cham | Kampong Cham | Showroom
CHAS004,Chrey Vien,CHA - Kampong Cham,Showroom,In effect,CHAS004,Chrey Vien,CHA,Showroom,CHAS004 | Chrey Vien | Chrey Vien | 060958251 | CHA | Kampong Cham | Kampong Cham | Showroom
CHAS005,Svay Teab,CHA - Kampong Cham,Showroom,In effect,CHAS005,Svay Teab,CHA,Showroom,CHAS005 | Svay Teab | Svay Teab | 0978122251 | CHA | Kampong Cham | Kampong Cham | Showroom
CHHA001,Ou Ruessei 01,CHH - Kampong Chhnang,Agent,In effect,CHHA001,Ou Ruessei 01,CHH,Agent,CHHA001 | Ou Ruessei 01 | Ou Ruessei 01 | 0979256868 | CHH | Kampong Chhnang | Kampong Chhnang | Agent
CHHA002,Pongro,CHH - Kampong Chhnang,Agent,In effect,CHHA002,Pongro,CHH,Agent,CHHA002 | Pongro | Pongro | 0882356429 | CHH | Kampong Chhnang | Kampong Chhnang | Agent
CHHA003,Ou Ruessei 02,CHH - Kampong Chhnang,Agent,In effect,CHHA003,Ou Ruessei 02,CHH,Agent,CHHA003 | Ou Ruessei 02 | Ou Ruessei 02 | 068519717 | CHH | Kampong Chhnang | Kampong Chhnang | Agent
CHHA004,Saeb,CHH - Kampong Chhnang,Agent,In effect,CHHA004,Saeb,CHH,Agent,CHHA004 | Saeb | Saeb | 0974989014 | CHH | Kampong Chhnang | Kampong Chhnang | Agent
CHHA005,Peani,CHH - Kampong Chhnang,Agent,In effect,CHHA005,Peani,CHH,Agent,CHHA005 | Peani | Peani | 0885871084 | CHH | Kampong Chhnang | Kampong Chhnang | Agent
CHHA006,Ta Ches,CHH - Kampong Chhnang,Agent,In effect,CHHA006,Ta Ches,CHH,Agent,CHHA006 | Ta Ches | Ta Ches | 0314443535 | CHH | Kampong Chhnang | Kampong Chhnang | Agent
CHHA007,Prey Kri 01,CHH - Kampong Chhnang,Agent,In effect,CHHA007,Prey Kri 01,CHH,Agent,CHHA007 | Prey Kri 01 | Prey Kri 01 | 0715975858 | CHH | Kampong Chhnang | Kampong Chhnang | Agent
CHHA008,Peam Chhkaok,CHH - Kampong Chhnang,Agent,In effect,CHHA008,Peam Chhkaok,CHH,Agent,CHHA008 | Peam Chhkaok | Peam Chhkaok | 0718431010 | CHH | Kampong Chhnang | Kampong Chhnang | Agent
CHHA009,Krang Skear,CHH - Kampong Chhnang,Agent,In effect,CHHA009,Krang Skear,CHH,Agent,CHHA009 | Krang Skear | Krang Skear | 0712847871 | CHH | Kampong Chhnang | Kampong Chhnang | Agent
CHHA010,Chhnok Tru,CHH - Kampong Chhnang,Agent,In effect,CHHA010,Chhnok Tru,CHH,Agent,CHHA010 | Chhnok Tru | Chhnok Tru | 0883322881 | CHH | Kampong Chhnang | Kampong Chhnang | Agent
CHHA011,Svay Chrum,CHH - Kampong Chhnang,Agent,In effect,CHHA011,Svay Chrum,CHH,Agent,CHHA011 | Svay Chrum | Svay Chrum | 0716555440 | CHH | Kampong Chhnang | Kampong Chhnang | Agent
CHHA012,Trangel,CHH - Kampong Chhnang,Agent,In effect,CHHA012,Trangel,CHH,Agent,CHHA012 | Trangel | Trangel | 0718488815 | CHH | Kampong Chhnang | Kampong Chhnang | Agent
CHHA013,Phsar,CHH - Kampong Chhnang,Agent,In effect,CHHA013,Phsar,CHH,Agent,CHHA013 | Phsar | Phsar | 0979474183 | CHH | Kampong Chhnang | Kampong Chhnang | Agent
CHHA014,Krang Leav,CHH - Kampong Chhnang,Agent,In effect,CHHA014,Krang Leav,CHH,Agent,CHHA014 | Krang Leav | Krang Leav | 0979588987 | CHH | Kampong Chhnang | Kampong Chhnang | Agent
CHHA015,Chrey Bak,CHH - Kampong Chhnang,Agent,In effect,CHHA015,Chrey Bak,CHH,Agent,CHHA015 | Chrey Bak | Chrey Bak | 0883444423 | CHH | Kampong Chhnang | Kampong Chhnang | Agent
CHHA016,Chieb,CHH - Kampong Chhnang,Agent,In effect,CHHA016,Chieb,CHH,Agent,CHHA016 | Chieb | Chieb | 090649635 | CHH | Kampong Chhnang | Kampong Chhnang | Agent
CHHA017,Prey Kri 02,CHH - Kampong Chhnang,Agent,In effect,CHHA017,Prey Kri 02,CHH,Agent,CHHA017 | Prey Kri 02 | Prey Kri 02 | 0975686565 | CHH | Kampong Chhnang | Kampong Chhnang | Agent
CHHA018,Rolea B'ier,CHH - Kampong Chhnang,Agent,In effect,CHHA018,Rolea B'ier,CHH,Agent,CHHA018 | Rolea B'ier | Rolea B'ier | 067334452 | CHH | Kampong Chhnang | Kampong Chhnang | Agent
CHHA019,Kampong Chhnang,CHH - Kampong Chhnang,Agent,In effect,CHHA019,Kampong Chhnang,CHH,Agent,CHHA019 | Kampong Chhnang | Kampong Chhnang | 0977267266 | CHH | Kampong Chhnang | Kampong Chhnang | Agent
CHHA020,Krang Lvea,CHH - Kampong Chhnang,Agent,In effect,CHHA020,Krang Lvea,CHH,Agent,CHHA020 | Krang Lvea | Krang Lvea | 0887676940 | CHH | Kampong Chhnang | Kampong Chhnang | Agent
CHHA021,Lungveaek,CHH - Kampong Chhnang,Agent,In effect,CHHA021,Lungveaek,CHH,Agent,CHHA021 | Lungveaek | Lungveaek | 0889988927 | CHH | Kampong Chhnang | Kampong Chhnang | Agent
CHHA022,B'er,CHH - Kampong Chhnang,Agent,In effect,CHHA022,B'er,CHH,Agent,CHHA022 | B'er | B'er | 0314892168 | CHH | Kampong Chhnang | Kampong Chhnang | Agent
CHHA023,Rolea Bier,CHH - Kampong Chhnang,Agent,In effect,CHHA023,Rolea Bier,CHH,Agent,CHHA023 | Rolea Bier | Rolea Bier | 0976688782 | CHH | Kampong Chhnang | Kampong Chhnang | Agent
CHHA024,Phsar Trach,CHH - Kampong Chhnang,Agent,In effect,CHHA024,Phsar Trach,CHH,Agent,CHHA024 | Phsar Trach | Phsar Trach | 0974446307 | CHH | Kampong Chhnang | Kampong Chhnang | Agent
CHHP001,Kampong Chhnang,CHH - Kampong Chhnang,Post Office,In effect,CHHP001,Kampong Chhnang,CHH,Post Office,CHHP001 | Kampong Chhnang | Kampong Chhnang | 0978887079 | CHH | Kampong Chhnang | Kampong Chhnang | Post Office
CHHS001,Kampong Chhnang,CHH - Kampong Chhnang,Showroom,In effect,CHHS001,Kampong Chhnang,CHH,Showroom,CHHS001 | Kampong Chhnang | Kampong Chhnang | 0882464009 | CHH | Kampong Chhnang | Kampong Chhnang | Showroom
CHHS002,Peani,CHH - Kampong Chhnang,Showroom,In effect,CHHS002,Peani,CHH,Showroom,CHHS002 | Peani | Peani | CHH | Kampong Chhnang | Kampong Chhnang | Showroom
OU RUESSEI 02,Ou Ruessei 02,CHH - Kampong Chhnang,Agent,Out of effect,OU RUESSEI 02,Ou Ruessei 02,CHH,Agent,OU RUESSEI 02 | Ou Ruessei 02 | Ou Ruessei 02 | CHH | Kampong Chhnang | Kampong Chhnang | Agent
KAMTEST01,Ankor Chey,CNCNTT - Công nghệ thông tin,Post Office,Out of effect,KAMTEST01,Ankor Chey,CNCNTT,Post Office,KAMTEST01 | Ankor Chey | Ankor Chey | CNCNTT | Công nghệ thông tin | Công nghệ thông tin | Post Office
THUBPNP,Training Hub - PNP,CNCNTT - Công nghệ thông tin,Warehouse / Hub,In effect,THUBPNP,Training Hub - PNP,CNCNTT,Warehouse / Hub,THUBPNP | Training Hub - PNP | Training Hub - PNP | 0715222126 | CNCNTT | Công nghệ thông tin | Công nghệ thông tin | Warehouse / Hub
TRAINING01,MF Training 01 - PNP,CNCNTT - Công nghệ thông tin,Post Office,In effect,TRAINING01,MF Training 01 - PNP,CNCNTT,Post Office,TRAINING01 | MF Training 01 - PNP | MF Training 01 - PNP | 0715222123 | CNCNTT | Công nghệ thông tin | Công nghệ thông tin | Post Office
TRAINING02,MF Training 02 - BAT,CNCNTT - Công nghệ thông tin,Post Office,In effect,TRAINING02,MF Training 02 - BAT,CNCNTT,Post Office,TRAINING02 | MF Training 02 - BAT | MF Training 02 - BAT | 0715222122 | CNCNTT | Công nghệ thông tin | Công nghệ thông tin | Post Office
TRAINING03,MF Training 03 - PNP,CNCNTT - Công nghệ thông tin,Post Office,In effect,TRAINING03,MF Training 03 - PNP,CNCNTT,Post Office,TRAINING03 | MF Training 03 - PNP | MF Training 03 - PNP | 0715222125 | CNCNTT | Công nghệ thông tin | Công nghệ thông tin | Post Office
GLOBAL1,Test PNP,GLOBAL-TEST - Hành trình TTTest,Warehouse / Hub,In effect,GLOBAL1,Test PNP,GLOBAL-TEST,Warehouse / Hub,GLOBAL1 | Test PNP | Test PNP | 085622555 | GLOBAL-TEST | Hành trình TTTest | Hành trình TTTest | Warehouse / Hub
DVCZ3,Vehicle Team Z3,KAM - Kampot,Post Office,In effect,DVCZ3,Vehicle Team Z3,KAM,Post Office,DVCZ3 | Vehicle Team Z3 | Vehicle Team Z3 | KAM | Kampot | Kampot | Post Office
KAMA001,Banteay Meas Khang Kaeut,KAM - Kampot,Agent,In effect,KAMA001,Banteay Meas Khang Kaeut,KAM,Agent,KAMA001 | Banteay Meas Khang Kaeut | Banteay Meas Khang Kaeut | 0712030403 | KAM | Kampot | Kampot | Agent
KAMA002,Tnoat Chong Srang,KAM - Kampot,Agent,In effect,KAMA002,Tnoat Chong Srang,KAM,Agent,KAMA002 | Tnoat Chong Srang | Tnoat Chong Srang | 0885966105 | KAM | Kampot | Kampot | Agent
KAMA003,Preaek Kroes,KAM - Kampot,Agent,In effect,KAMA003,Preaek Kroes,KAM,Agent,KAMA003 | Preaek Kroes | Preaek Kroes | 0974442111 | KAM | Kampot | Kampot | Agent
KAMA005,Chhuk 01,KAM - Kampot,Agent,In effect,KAMA005,Chhuk 01,KAM,Agent,KAMA005 | Chhuk 01 | Chhuk 01 | 060925556 | KAM | Kampot | Kampot | Agent
KAMA006,KEP,KAM - Kampot,Agent,In effect,KAMA006,KEP,KAM,Agent,KAMA006 | KEP | KEP | 067872737 | KAM | Kampot | Kampot | Agent
KAMA007,Phnum Kong,KAM - Kampot,Agent,In effect,KAMA007,Phnum Kong,KAM,Agent,KAMA007 | Phnum Kong | Phnum Kong | 090855599 | KAM | Kampot | Kampot | Agent
KAMA008,Lbaeuk,KAM - Kampot,Agent,In effect,KAMA008,Lbaeuk,KAM,Agent,KAMA008 | Lbaeuk | Lbaeuk | 0979907211 | KAM | Kampot | Kampot | Agent
KAMA009,Dang Tung 01,KAM - Kampot,Agent,In effect,KAMA009,Dang Tung 01,KAM,Agent,KAMA009 | Dang Tung 01 | Dang Tung 01 | 0719709797 | KAM | Kampot | Kampot | Agent
KAMA010,Koun Sat,KAM - Kampot,Agent,In effect,KAMA010,Koun Sat,KAM,Agent,KAMA010 | Koun Sat | Koun Sat | 0973398687 | KAM | Kampot | Kampot | Agent
KAMA011,Chhuk 02,KAM - Kampot,Agent,In effect,KAMA011,Chhuk 02,KAM,Agent,KAMA011 | Chhuk 02 | Chhuk 02 | 0888884413 | KAM | Kampot | Kampot | Agent
KAMA012,Kaoh Touch,KAM - Kampot,Agent,In effect,KAMA012,Kaoh Touch,KAM,Agent,KAMA012 | Kaoh Touch | Kaoh Touch | 0977336660 | KAM | Kampot | Kampot | Agent
KAMA013,Trapeang Reang,KAM - Kampot,Agent,In effect,KAMA013,Trapeang Reang,KAM,Agent,KAMA013 | Trapeang Reang | Trapeang Reang | 0718084499 | KAM | Kampot | Kampot | Agent
KAMA014,Dang Tung 02,KAM - Kampot,Agent,In effect,KAMA014,Dang Tung 02,KAM,Agent,KAMA014 | Dang Tung 02 | Dang Tung 02 | 066647864 | KAM | Kampot | Kampot | Agent
KAMA015,Preaek Tnaot 01,KAM - Kampot,Agent,In effect,KAMA015,Preaek Tnaot 01,KAM,Agent,KAMA015 | Preaek Tnaot 01 | Preaek Tnaot 01 | 0978107007 | KAM | Kampot | Kampot | Agent
KAMA016,Prey Thnang,KAM - Kampot,Agent,In effect,KAMA016,Prey Thnang,KAM,Agent,KAMA016 | Prey Thnang | Prey Thnang | 0883230032 | KAM | Kampot | Kampot | Agent
KAMA017,Trapeang Sangkae,KAM - Kampot,Agent,In effect,KAMA017,Trapeang Sangkae,KAM,Agent,KAMA017 | Trapeang Sangkae | Trapeang Sangkae | 066365170 | KAM | Kampot | Kampot | Agent
KAMA018,Kampong Kandal,KAM - Kampot,Agent,In effect,KAMA018,Kampong Kandal,KAM,Agent,KAMA018 | Kampong Kandal | Kampong Kandal | 0715506622 | KAM | Kampot | Kampot | Agent
KAMA019,Ruessei Srok Khang Lech 01,KAM - Kampot,Agent,In effect,KAMA019,Ruessei Srok Khang Lech 01,KAM,Agent,KAMA019 | Ruessei Srok Khang Lech 01 | Ruessei Srok Khang Lech 01 | 0974815105 | KAM | Kampot | Kampot | Agent
KAMA020,Kampong Trach Khang Kaeut,KAM - Kampot,Agent,In effect,KAMA020,Kampong Trach Khang Kaeut,KAM,Agent,KAMA020 | Kampong Trach Khang Kaeut | Kampong Trach Khang Kaeut | 0976993636 | KAM | Kampot | Kampot | Agent
KAMA021,Trapeang Sala Khang Kaeut,KAM - Kampot,Agent,In effect,KAMA021,Trapeang Sala Khang Kaeut,KAM,Agent,KAMA021 | Trapeang Sala Khang Kaeut | Trapeang Sala Khang Kaeut | 068470026 | KAM | Kampot | Kampot | Agent
KAMA022,Praphnum,KAM - Kampot,Agent,In effect,KAMA022,Praphnum,KAM,Agent,KAMA022 | Praphnum | Praphnum | 0977833168 | KAM | Kampot | Kampot | Agent
KAMA023,Ruessei Srok Khang Lech 02,KAM - Kampot,Agent,In effect,KAMA023,Ruessei Srok Khang Lech 02,KAM,Agent,KAMA023 | Ruessei Srok Khang Lech 02 | Ruessei Srok Khang Lech 02 | 0886242006 | KAM | Kampot | Kampot | Agent
KAMA024,Ang Sophi,KAM - Kampot,Agent,In effect,KAMA024,Ang Sophi,KAM,Agent,KAMA024 | Ang Sophi | Ang Sophi | 0714236423 | KAM | Kampot | Kampot | Agent
KAMA025,Damnak Kantuot Khang Cheung,KAM - Kampot,Agent,In effect,KAMA025,Damnak Kantuot Khang Cheung,KAM,Agent,KAMA025 | Damnak Kantuot Khang Cheung | Damnak Kantuot Khang Cheung | 0883872671 | KAM | Kampot | Kampot | Agent
KAMA026,L ang,KAM - Kampot,Agent,In effect,KAMA026,L ang,KAM,Agent,KAMA026 | L ang | L ang | 0884042326 | KAM | Kampot | Kampot | Agent
KAMA027,Tuk Meas Khang Lech,KAM - Kampot,Agent,In effect,KAMA027,Tuk Meas Khang Lech,KAM,Agent,KAMA027 | Tuk Meas Khang Lech | Tuk Meas Khang Lech | 0886272862 | KAM | Kampot | Kampot | Agent
KAMA028,Preaek Tnaot 02,KAM - Kampot,Agent,In effect,KAMA028,Preaek Tnaot 02,KAM,Agent,KAMA028 | Preaek Tnaot 02 | Preaek Tnaot 02 | 0884811108 | KAM | Kampot | Kampot | Agent
KAMA029,Dambouk Khpuos,KAM - Kampot,Agent,In effect,KAMA029,Dambouk Khpuos,KAM,Agent,KAMA029 | Dambouk Khpuos | Dambouk Khpuos | 0885217220 | KAM | Kampot | Kampot | Agent
KAMA030,Dong Tong,KAM - Kampot,Agent,In effect,KAMA030,Dong Tong,KAM,Agent,KAMA030 | Dong Tong | Dong Tong | 068539366 | KAM | Kampot | Kampot | Agent
KAMA031,KampongTrach,KAM - Kampot,Agent,In effect,KAMA031,KampongTrach,KAM,Agent,KAMA031 | KampongTrach | KampongTrach | 067740007 | KAM | Kampot | Kampot | Agent
KAMP001,Kampot,KAM - Kampot,Post Office,In effect,KAMP001,Kampot,KAM,Post Office,KAMP001 | Kampot | Kampot | 0979758982 | KAM | Kampot | Kampot | Post Office
KAMS001,Krang Ampil,KAM - Kampot,Showroom,In effect,KAMS001,Krang Ampil,KAM,Showroom,KAMS001 | Krang Ampil | Krang Ampil | 0972141011 | KAM | Kampot | Kampot | Showroom
KAMS002,Tuk Meas Khang Lech,KAM - Kampot,Showroom,In effect,KAMS002,Tuk Meas Khang Lech,KAM,Showroom,KAMS002 | Tuk Meas Khang Lech | Tuk Meas Khang Lech | 0888808908 | KAM | Kampot | Kampot | Showroom
KAMS003,Satv Pong,KAM - Kampot,Showroom,In effect,KAMS003,Satv Pong,KAM,Showroom,KAMS003 | Satv Pong | Satv Pong | 0976095490 | KAM | Kampot | Kampot | Showroom
SPEA006,Chhuk,KAM - Kampot,Agent,In effect,SPEA006,Chhuk,KAM,Agent,SPEA006 | Chhuk | Chhuk | 0888269777 | KAM | Kampot | Kampot | Agent
KANA001,Preaek Chrey,KAN - Kandal,Agent,In effect,KANA001,Preaek Chrey,KAN,Agent,KANA001 | Preaek Chrey | Preaek Chrey | 0885014445 | KAN | Kandal | Kandal | Agent
KANA002,Sampov Pun 01,KAN - Kandal,Agent,In effect,KANA002,Sampov Pun 01,KAN,Agent,KANA002 | Sampov Pun 01 | Sampov Pun 01 | 0975299991 | KAN | Kandal | Kandal | Agent
KANA003,Pou Ban 01,KAN - Kandal,Agent,In effect,KANA003,Pou Ban 01,KAN,Agent,KANA003 | Pou Ban 01 | Pou Ban 01 | 0975443338 | KAN | Kandal | Kandal | Agent
KANA004,Settak bou,KAN - Kandal,Agent,In effect,KANA004,Settak bou,KAN,Agent,KANA004 | Settak bou | Settak bou | 0315055568 | KAN | Kandal | Kandal | Agent
KANA005,Svay Rolum,KAN - Kandal,Agent,In effect,KANA005,Svay Rolum,KAN,Agent,KANA005 | Svay Rolum | Svay Rolum | 066666603 | KAN | Kandal | Kandal | Agent
KANA006,Krang Youv,KAN - Kandal,Agent,In effect,KANA006,Krang Youv,KAN,Agent,KANA006 | Krang Youv | Krang Youv | 090833458 | KAN | Kandal | Kandal | Agent
KANA007,Khpob,KAN - Kandal,Agent,In effect,KANA007,Khpob,KAN,Agent,KANA007 | Khpob | Khpob | 0977507013 | KAN | Kandal | Kandal | Agent
KANA008,Khpob Ateav,KAN - Kandal,Agent,In effect,KANA008,Khpob Ateav,KAN,Agent,KANA008 | Khpob Ateav | Khpob Ateav | 068686963 | KAN | Kandal | Kandal | Agent
KANA009,Kokir Thum,KAN - Kandal,Agent,In effect,KANA009,Kokir Thum,KAN,Agent,KANA009 | Kokir Thum | Kokir Thum | 0884446153 | KAN | Kandal | Kandal | Agent
KANA010,Samraong Thum,KAN - Kandal,Agent,In effect,KANA010,Samraong Thum,KAN,Agent,KANA010 | Samraong Thum | Samraong Thum | 0977300096 | KAN | Kandal | Kandal | Agent
KANA011,Cheung Kaeub,KAN - Kandal,Agent,In effect,KANA011,Cheung Kaeub,KAN,Agent,KANA011 | Cheung Kaeub | Cheung Kaeub | 068220872 | KAN | Kandal | Kandal | Agent
KANA012,Dei Ed,KAN - Kandal,Agent,In effect,KANA012,Dei Ed,KAN,Agent,KANA012 | Dei Ed | Dei Ed | 0316843333 | KAN | Kandal | Kandal | Agent
KANA013,Chheu Teal 01,KAN - Kandal,Agent,In effect,KANA013,Chheu Teal 01,KAN,Agent,KANA013 | Chheu Teal 01 | Chheu Teal 01 | 0889779949 | KAN | Kandal | Kandal | Agent
KANA014,Chheu Teal 02,KAN - Kandal,Agent,In effect,KANA014,Chheu Teal 02,KAN,Agent,KANA014 | Chheu Teal 02 | Chheu Teal 02 | 0884879666 | KAN | Kandal | Kandal | Agent
KANA017,Preaek Anhchanh,KAN - Kandal,Agent,In effect,KANA017,Preaek Anhchanh,KAN,Agent,KANA017 | Preaek Anhchanh | Preaek Anhchanh | 0974680111 | KAN | Kandal | Kandal | Agent
KANA018,Roka Kaong Ti Muoy,KAN - Kandal,Agent,In effect,KANA018,Roka Kaong Ti Muoy,KAN,Agent,KANA018 | Roka Kaong Ti Muoy | Roka Kaong Ti Muoy | 0719695959 | KAN | Kandal | Kandal | Agent
KANA019,Kampong Luong,KAN - Kandal,Agent,In effect,KANA019,Kampong Luong,KAN,Agent,KANA019 | Kampong Luong | Kampong Luong | 0314000044 | KAN | Kandal | Kandal | Agent
KANA020,Preaek Koy,KAN - Kandal,Agent,In effect,KANA020,Preaek Koy,KAN,Agent,KANA020 | Preaek Koy | Preaek Koy | 099903002 | KAN | Kandal | Kandal | Agent
KANA021,Preaek Hour 01,KAN - Kandal,Agent,In effect,KANA021,Preaek Hour 01,KAN,Agent,KANA021 | Preaek Hour 01 | Preaek Hour 01 | KAN | Kandal | Kandal | Agent
KANA022,Cheung Kaeub,KAN - Kandal,Agent,In effect,KANA022,Cheung Kaeub,KAN,Agent,KANA022 | Cheung Kaeub | Cheung Kaeub | 0885777469 | KAN | Kandal | Kandal | Agent
KANA023,Preaek Hour 02,KAN - Kandal,Agent,In effect,KANA023,Preaek Hour 02,KAN,Agent,KANA023 | Preaek Hour 02 | Preaek Hour 02 | 0716667378 | KAN | Kandal | Kandal | Agent
KANA024,Daeum Rues,KAN - Kandal,Agent,In effect,KANA024,Daeum Rues,KAN,Agent,KANA024 | Daeum Rues | Daeum Rues | 066441450 | KAN | Kandal | Kandal | Agent
KANA026,Traeuy Sla,KAN - Kandal,Agent,In effect,KANA026,Traeuy Sla,KAN,Agent,KANA026 | Traeuy Sla | Traeuy Sla | 0975529539 | KAN | Kandal | Kandal | Agent
KANA027,Preaek Ruessei,KAN - Kandal,Agent,In effect,KANA027,Preaek Ruessei,KAN,Agent,KANA027 | Preaek Ruessei | Preaek Ruessei | 0712032211 | KAN | Kandal | Kandal | Agent
KANA028,Siem Reab,KAN - Kandal,Agent,In effect,KANA028,Siem Reab,KAN,Agent,KANA028 | Siem Reab | Siem Reab | 0312481818 | KAN | Kandal | Kandal | Agent
KANA029,Kampong Samnanh,KAN - Kandal,Agent,In effect,KANA029,Kampong Samnanh,KAN,Agent,KANA029 | Kampong Samnanh | Kampong Samnanh | 060587879 | KAN | Kandal | Kandal | Agent
KANA031,Preaek Ta Meak,KAN - Kandal,Agent,In effect,KANA031,Preaek Ta Meak,KAN,Agent,KANA031 | Preaek Ta Meak | Preaek Ta Meak | 0975428202 | KAN | Kandal | Kandal | Agent
KANA033,Preaek Rey,KAN - Kandal,Agent,In effect,KANA033,Preaek Rey,KAN,Agent,KANA033 | Preaek Rey | Preaek Rey | 0716404444 | KAN | Kandal | Kandal | Agent
KANA034,Roka Khpuos,KAN - Kandal,Agent,In effect,KANA034,Roka Khpuos,KAN,Agent,KANA034 | Roka Khpuos | Roka Khpuos | 066988835 | KAN | Kandal | Kandal | Agent
KANA036,Sambuor Meas,KAN - Kandal,Agent,In effect,KANA036,Sambuor Meas,KAN,Agent,KANA036 | Sambuor Meas | Sambuor Meas | 0886896222 | KAN | Kandal | Kandal | Agent
KANA037,Sambuor,KAN - Kandal,Agent,In effect,KANA037,Sambuor,KAN,Agent,KANA037 | Sambuor | Sambuor | 0978760303 | KAN | Kandal | Kandal | Agent
KANA038,Preaek Ruessei,KAN - Kandal,Agent,In effect,KANA038,Preaek Ruessei,KAN,Agent,KANA038 | Preaek Ruessei | Preaek Ruessei | 068282262 | KAN | Kandal | Kandal | Agent
KANA039,Chheu Khmau,KAN - Kandal,Agent,In effect,KANA039,Chheu Khmau,KAN,Agent,KANA039 | Chheu Khmau | Chheu Khmau | 068688885 | KAN | Kandal | Kandal | Agent
KANA040,Sampov Pun 02,KAN - Kandal,Agent,In effect,KANA040,Sampov Pun 02,KAN,Agent,KANA040 | Sampov Pun 02 | Sampov Pun 02 | 0885852222 | KAN | Kandal | Kandal | Agent
KANA041,Leuk Daek,KAN - Kandal,Agent,In effect,KANA041,Leuk Daek,KAN,Agent,KANA041 | Leuk Daek | Leuk Daek | 0887000585 | KAN | Kandal | Kandal | Agent
KANA042,Pou Ban 02,KAN - Kandal,Agent,In effect,KANA042,Pou Ban 02,KAN,Agent,KANA042 | Pou Ban 02 | Pou Ban 02 | 066350114 | KAN | Kandal | Kandal | Agent
KANA043,Puk Ruessei,KAN - Kandal,Agent,In effect,KANA043,Puk Ruessei,KAN,Agent,KANA043 | Puk Ruessei | Puk Ruessei | 0978333874 | KAN | Kandal | Kandal | Agent
KANA044,Svay Romiet 01,KAN - Kandal,Agent,In effect,KANA044,Svay Romiet 01,KAN,Agent,KANA044 | Svay Romiet 01 | Svay Romiet 01 | 0718044433 | KAN | Kandal | Kandal | Agent
KANA045,Svay Romiet 02,KAN - Kandal,Agent,In effect,KANA045,Svay Romiet 02,KAN,Agent,KANA045 | Svay Romiet 02 | Svay Romiet 02 | 068401902 | KAN | Kandal | Kandal | Agent
KANA046,Prek Krabao Ti 2,KAN - Kandal,Agent,In effect,KANA046,Prek Krabao Ti 2,KAN,Agent,KANA046 | Prek Krabao Ti 2 | Prek Krabao Ti 2 | 066666017 | KAN | Kandal | Kandal | Agent
KANA049,Roka,KAN - Kandal,Agent,In effect,KANA049,Roka,KAN,Agent,KANA049 | Roka | Roka | 0885777469 | KAN | Kandal | Kandal | Agent
KANA066,Wat Prek Ampil,KAN - Kandal,Agent,In effect,KANA066,Wat Prek Ampil,KAN,Agent,KANA066 | Wat Prek Ampil | Wat Prek Ampil | 010274262 | KAN | Kandal | Kandal | Agent
KANP001,Ta Khmau,KAN - Kandal,Post Office,In effect,KANP001,Ta Khmau,KAN,Post Office,KANP001 | Ta Khmau | Ta Khmau | 0716646043 | KAN | Kandal | Kandal | Post Office
KANS001,Ta Khmao,KAN - Kandal,Showroom,In effect,KANS001,Ta Khmao,KAN,Showroom,KANS001 | Ta Khmao | Ta Khmao | KAN | Kandal | Kandal | Showroom
KANS002,Kokir,KAN - Kandal,Showroom,In effect,KANS002,Kokir,KAN,Showroom,KANS002 | Kokir | Kokir | KAN | Kandal | Kandal | Showroom
KANS003,Preaek Thmei,KAN - Kandal,Showroom,In effect,KANS003,Preaek Thmei,KAN,Showroom,KANS003 | Preaek Thmei | Preaek Thmei | KAN | Kandal | Kandal | Showroom
KANS004,Preaek Anhchanh,KAN - Kandal,Showroom,In effect,KANS004,Preaek Anhchanh,KAN,Showroom,KANS004 | Preaek Anhchanh | Preaek Anhchanh | KAN | Kandal | Kandal | Showroom
KANS005,Baek Chan,KAN - Kandal,Showroom,In effect,KANS005,Baek Chan,KAN,Showroom,KANS005 | Baek Chan | Baek Chan | KAN | Kandal | Kandal | Showroom
KEPA001,Ou Krasar,KEP - Kep,Agent,In effect,KEPA001,Ou Krasar,KEP,Agent,KEPA001 | Ou Krasar | Ou Krasar | 0889126653 | KEP | Kep | Kep | Agent
KEPA002,Damnak Chang Aeur,KEP - Kep,Agent,In effect,KEPA002,Damnak Chang Aeur,KEP,Agent,KEPA002 | Damnak Chang Aeur | Damnak Chang Aeur | 067872737 | KEP | Kep | Kep | Agent
DVCZ5,Vehicle Team Z5,KOH - Koh Kong,Post Office,In effect,DVCZ5,Vehicle Team Z5,KOH,Post Office,DVCZ5 | Vehicle Team Z5 | Vehicle Team Z5 | KOH | Koh Kong | Koh Kong | Post Office
KOHA001,Dang Tung,KOH - Koh Kong,Agent,In effect,KOHA001,Dang Tung,KOH,Agent,KOHA001 | Dang Tung | Dang Tung | 0973415168 | KOH | Koh Kong | Koh Kong | Agent
KOHA002,Trapeang Rung,KOH - Koh Kong,Agent,In effect,KOHA002,Trapeang Rung,KOH,Agent,KOHA002 | Trapeang Rung | Trapeang Rung | 068645654 | KOH | Koh Kong | Koh Kong | Agent
KOHA003,Andoung Tuek,KOH - Koh Kong,Agent,In effect,KOHA003,Andoung Tuek,KOH,Agent,KOHA003 | Andoung Tuek | Andoung Tuek | 068848687 | KOH | Koh Kong | Koh Kong | Agent
KOHA004,Dang Tung 02,KOH - Koh Kong,Agent,In effect,KOHA004,Dang Tung 02,KOH,Agent,KOHA004 | Dang Tung 02 | Dang Tung 02 | 0718099992 | KOH | Koh Kong | Koh Kong | Agent
KOHA005,Srae Ambel,KOH - Koh Kong,Agent,In effect,KOHA005,Srae Ambel,KOH,Agent,KOHA005 | Srae Ambel | Srae Ambel | 0716668661 | KOH | Koh Kong | Koh Kong | Agent
KOHA006,Srae Ambel,KOH - Koh Kong,Agent,In effect,KOHA006,Srae Ambel,KOH,Agent,KOHA006 | Srae Ambel | Srae Ambel | 0975375352 | KOH | Koh Kong | Koh Kong | Agent
KOHA007,Phnhi Meas,KOH - Koh Kong,Agent,In effect,KOHA007,Phnhi Meas,KOH,Agent,KOHA007 | Phnhi Meas | Phnhi Meas | 0312226422 | KOH | Koh Kong | Koh Kong | Agent
KOHA008,Pak Khlang,KOH - Koh Kong,Agent,In effect,KOHA008,Pak Khlang,KOH,Agent,KOHA008 | Pak Khlang | Pak Khlang | 0717330666 | KOH | Koh Kong | Koh Kong | Agent
KOHA009,Ruessei Chrum,KOH - Koh Kong,Agent,In effect,KOHA009,Ruessei Chrum,KOH,Agent,KOHA009 | Ruessei Chrum | Ruessei Chrum | 0973440505 | KOH | Koh Kong | Koh Kong | Agent
KOHA010,Smach Mean Chey,KOH - Koh Kong,Agent,In effect,KOHA010,Smach Mean Chey,KOH,Agent,KOHA010 | Smach Mean Chey | Smach Mean Chey | 0715443366 | KOH | Koh Kong | Koh Kong | Agent
KOHA011,Kong deab,KOH - Koh Kong,Agent,In effect,KOHA011,Kong deab,KOH,Agent,KOHA011 | Kong deab | Kong deab | 068845698 | KOH | Koh Kong | Koh Kong | Agent
KOHA012,Cham Yeam,KOH - Koh Kong,Agent,In effect,KOHA012,Cham Yeam,KOH,Agent,KOHA012 | Cham Yeam | Cham Yeam | 0319993899 | KOH | Koh Kong | Koh Kong | Agent
KOHP001,Khemmeakrakphumin,KOH - Koh Kong,Post Office,In effect,KOHP001,Khemmeakrakphumin,KOH,Post Office,KOHP001 | Khemmeakrakphumin | Khemmeakrakphumin | 0975942942 | KOH | Koh Kong | Koh Kong | Post Office
KOHS001,Smach Mean Chey,KOH - Koh Kong,Showroom,In effect,KOHS001,Smach Mean Chey,KOH,Showroom,KOHS001 | Smach Mean Chey | Smach Mean Chey | 0972920124 | KOH | Koh Kong | Koh Kong | Showroom
HUBKRA01,Hub vùng HUBKRA01,KRA - Kratie,Agent,Out of effect,HUBKRA01,Hub vùng HUBKRA01,KRA,Agent,HUBKRA01 | Hub vùng HUBKRA01 | Hub vùng HUBKRA01 | KRA | Kratie | Kratie | Agent
HZ5P01,Head office Z5,KRA - Kratie,Post Office,In effect,HZ5P01,Head office Z5,KRA,Post Office,HZ5P01 | Head office Z5 | Head office Z5 | KRA | Kratie | Kratie | Post Office
KRAA001,Sambok,KRA - Kratie,Agent,In effect,KRAA001,Sambok,KRA,Agent,KRAA001 | Sambok | Sambok | 0972626765 | KRA | Kratie | Kratie | Agent
KRAA003,Chhloung,KRA - Kratie,Agent,In effect,KRAA003,Chhloung,KRA,Agent,KRAA003 | Chhloung | Chhloung | 0976111877 | KRA | Kratie | Kratie | Agent
KRAA004,Kbal Damrei,KRA - Kratie,Agent,In effect,KRAA004,Kbal Damrei,KRA,Agent,KRAA004 | Kbal Damrei | Kbal Damrei | 0882720200 | KRA | Kratie | Kratie | Agent
KRAA005,Svay Chreah,KRA - Kratie,Agent,In effect,KRAA005,Svay Chreah,KRA,Agent,KRAA005 | Svay Chreah | Svay Chreah | 090440206 | KRA | Kratie | Kratie | Agent
KRAA006,Kranhung Saen Chey,KRA - Kratie,Agent,In effect,KRAA006,Kranhung Saen Chey,KRA,Agent,KRAA006 | Kranhung Saen Chey | Kranhung Saen Chey | 0884939990 | KRA | Kratie | Kratie | Agent
KRAA007,Ou Krieng,KRA - Kratie,Agent,In effect,KRAA007,Ou Krieng,KRA,Agent,KRAA007 | Ou Krieng | Ou Krieng | 068636161 | KRA | Kratie | Kratie | Agent
KRAA008,Sambour,KRA - Kratie,Agent,In effect,KRAA008,Sambour,KRA,Agent,KRAA008 | Sambour | Sambour | 0886676766 | KRA | Kratie | Kratie | Agent
KRAA009,Sandan,KRA - Kratie,Agent,In effect,KRAA009,Sandan,KRA,Agent,KRAA009 | Sandan | Sandan | 0314946555 | KRA | Kratie | Kratie | Agent
KRAA010,Chambak,KRA - Kratie,Agent,In effect,KRAA010,Chambak,KRA,Agent,KRAA010 | Chambak | Chambak | 0882220686 | KRA | Kratie | Kratie | Agent
KRAA012,Kanhchor,KRA - Kratie,Agent,In effect,KRAA012,Kanhchor,KRA,Agent,KRAA012 | Kanhchor | Kanhchor | 068522577 | KRA | Kratie | Kratie | Agent
KRAP001,Kracheh,KRA - Kratie,Post Office,In effect,KRAP001,Kracheh,KRA,Post Office,KRAP001 | Kracheh | Kracheh | 0979171178 | KRA | Kratie | Kratie | Post Office
KRAS001,Kracheh,KRA - Kratie,Showroom,In effect,KRAS001,Kracheh,KRA,Showroom,KRAS001 | Kracheh | Kracheh | 0719997744 | KRA | Kratie | Kratie | Showroom
KRAS002,Snuol,KRA - Kratie,Showroom,In effect,KRAS002,Snuol,KRA,Showroom,KRAS002 | Snuol | Snuol | 0717370643 | KRA | Kratie | Kratie | Showroom
KRAS003,Chhloung,KRA - Kratie,Showroom,In effect,KRAS003,Chhloung,KRA,Showroom,KRAS003 | Chhloung | Chhloung | 0719778997 | KRA | Kratie | Kratie | Showroom
KRAS004,Sambour,KRA - Kratie,Showroom,In effect,KRAS004,Sambour,KRA,Showroom,KRAS004 | Sambour | Sambour | 0976969537 | KRA | Kratie | Kratie | Showroom
KRAS005,Preaek Prasab,KRA - Kratie,Showroom,In effect,KRAS005,Preaek Prasab,KRA,Showroom,KRAS005 | Preaek Prasab | Preaek Prasab | 0977637301 | KRA | Kratie | Kratie | Showroom
KVKRA01,Kho vùng KRATIE,KRA - Kratie,Agent,In effect,KVKRA01,Kho vùng KRATIE,KRA,Agent,KVKRA01 | Kho vùng KRATIE | Kho vùng KRATIE | KRA | Kratie | Kratie | Agent
DVCMEGA1,MEGA transport team,MEGA - MEGA HUB,Agent,In effect,DVCMEGA1,MEGA transport team,MEGA,Agent,DVCMEGA1 | MEGA transport team | MEGA transport team | MEGA | MEGA HUB | MEGA HUB | Agent
MEGA1,MEGA1,MEGA - MEGA HUB,Agent,In effect,MEGA1,MEGA1,MEGA,Agent,MEGA1 | MEGA1 | MEGA1 | MEGA | MEGA HUB | MEGA HUB | Agent
HEADP01,Head Office Center,MFEHQ - Metfone Express HQ,Post Office,In effect,HEADP01,Head Office Center,MFEHQ,Post Office,HEADP01 | Head Office Center | Head Office Center | MFEHQ | Metfone Express HQ | Metfone Express HQ | Post Office
TN3,Thử nghiệm 3-TTCNTT BAT,MFEHQ - Metfone Express HQ,Agent,Out of effect,TN3,Thử nghiệm 3-TTCNTT BAT,MFEHQ,Agent,TN3 | Thử nghiệm 3-TTCNTT BAT | Thử nghiệm 3-TTCNTT BAT | MFEHQ | Metfone Express HQ | Metfone Express HQ | Agent
MONA001,Chong Phlah,MON - Mondul Kiri,Agent,In effect,MONA001,Chong Phlah,MON,Agent,MONA001 | Chong Phlah | Chong Phlah | 0979312777 | MON | Mondul Kiri | Mondul Kiri | Agent
MONA002,Dak Dam,MON - Mondul Kiri,Agent,In effect,MONA002,Dak Dam,MON,Agent,MONA002 | Dak Dam | Dak Dam | 0717557043 | MON | Mondul Kiri | Mondul Kiri | Agent
MONA003,Srae Sangkum,MON - Mondul Kiri,Agent,In effect,MONA003,Srae Sangkum,MON,Agent,MONA003 | Srae Sangkum | Srae Sangkum | 0977076136 | MON | Mondul Kiri | Mondul Kiri | Agent
MONA004,Bu Sra,MON - Mondul Kiri,Agent,In effect,MONA004,Bu Sra,MON,Agent,MONA004 | Bu Sra | Bu Sra | 0976417077 | MON | Mondul Kiri | Mondul Kiri | Agent
MONA005,Pu Chrey,MON - Mondul Kiri,Agent,In effect,MONA005,Pu Chrey,MON,Agent,MONA005 | Pu Chrey | Pu Chrey | 0882727972 | MON | Mondul Kiri | Mondul Kiri | Agent
MONA006,Srae Ampum,MON - Mondul Kiri,Agent,In effect,MONA006,Srae Ampum,MON,Agent,MONA006 | Srae Ampum | Srae Ampum | 066924904 | MON | Mondul Kiri | Mondul Kiri | Agent
MONA007,Srae Khtum,MON - Mondul Kiri,Agent,In effect,MONA007,Srae Khtum,MON,Agent,MONA007 | Srae Khtum | Srae Khtum | 0714598999 | MON | Mondul Kiri | Mondul Kiri | Agent
MONA008,Srae Chhuk,MON - Mondul Kiri,Agent,In effect,MONA008,Srae Chhuk,MON,Agent,MONA008 | Srae Chhuk | Srae Chhuk | 0712300008 | MON | Mondul Kiri | Mondul Kiri | Agent
MONP001,Mondulkiri,MON - Mondul Kiri,Post Office,In effect,MONP001,Mondulkiri,MON,Post Office,MONP001 | Mondulkiri | Mondulkiri | 0716696816 | MON | Mondul Kiri | Mondul Kiri | Post Office
MONS001,Spean Mean Chey,MON - Mondul Kiri,Showroom,In effect,MONS001,Spean Mean Chey,MON,Showroom,MONS001 | Spean Mean Chey | Spean Mean Chey | 0889604994 | MON | Mondul Kiri | Mondul Kiri | Showroom
ODDA001,Anlung Veaeng 01,ODD - Otdar Meanchey,Agent,In effect,ODDA001,Anlung Veaeng 01,ODD,Agent,ODDA001 | Anlung Veaeng 01 | Anlung Veaeng 01 | 0886855656 | ODD | Otdar Meanchey | Otdar Meanchey | Agent
ODDA002,Anlung Veaeng 02,ODD - Otdar Meanchey,Agent,In effect,ODDA002,Anlung Veaeng 02,ODD,Agent,ODDA002 | Anlung Veaeng 02 | Anlung Veaeng 02 | 0972631463 | ODD | Otdar Meanchey | Otdar Meanchey | Agent
ODDA003,Trapeang Tav,ODD - Otdar Meanchey,Agent,In effect,ODDA003,Trapeang Tav,ODD,Agent,ODDA003 | Trapeang Tav | Trapeang Tav | 0312224055 | ODD | Otdar Meanchey | Otdar Meanchey | Agent
ODDA004,Trapeang Prasat 01,ODD - Otdar Meanchey,Agent,In effect,ODDA004,Trapeang Prasat 01,ODD,Agent,ODDA004 | Trapeang Prasat 01 | Trapeang Prasat 01 | 0714809488 | ODD | Otdar Meanchey | Otdar Meanchey | Agent
ODDA005,Trapeang Prasat 02,ODD - Otdar Meanchey,Agent,In effect,ODDA005,Trapeang Prasat 02,ODD,Agent,ODDA005 | Trapeang Prasat 02 | Trapeang Prasat 02 | 0317535511 | ODD | Otdar Meanchey | Otdar Meanchey | Agent
ODDA006,Samraong,ODD - Otdar Meanchey,Agent,In effect,ODDA006,Samraong,ODD,Agent,ODDA006 | Samraong | Samraong | 0719000048 | ODD | Otdar Meanchey | Otdar Meanchey | Agent
ODDA007,Chong Kal,ODD - Otdar Meanchey,Agent,In effect,ODDA007,Chong Kal,ODD,Agent,ODDA007 | Chong Kal | Chong Kal | 066772668 | ODD | Otdar Meanchey | Otdar Meanchey | Agent
ODDA008,Kouk Mon,ODD - Otdar Meanchey,Agent,In effect,ODDA008,Kouk Mon,ODD,Agent,ODDA008 | Kouk Mon | Kouk Mon | 068819868 | ODD | Otdar Meanchey | Otdar Meanchey | Agent
ODDP001,Samraong,ODD - Otdar Meanchey,Post Office,In effect,ODDP001,Samraong,ODD,Post Office,ODDP001 | Samraong | Samraong | 0979520168 | ODD | Otdar Meanchey | Otdar Meanchey | Post Office
ODDS001,Samraong,ODD - Otdar Meanchey,Showroom,Out of effect,ODDS001,Samraong,ODD,Showroom,ODDS001 | Samraong | Samraong | ODD | Otdar Meanchey | Otdar Meanchey | Showroom
ODDS002,Anlung Veaeng,ODD - Otdar Meanchey,Showroom,In effect,ODDS002,Anlung Veaeng,ODD,Showroom,ODDS002 | Anlung Veaeng | Anlung Veaeng | 0717751736 | ODD | Otdar Meanchey | Otdar Meanchey | Showroom
ODDTEST,Otdar Meanchey,ODD - Otdar Meanchey,Post Office,Out of effect,ODDTEST,Otdar Meanchey,ODD,Post Office,ODDTEST | Otdar Meanchey | Otdar Meanchey | ODD | Otdar Meanchey | Otdar Meanchey | Post Office
PAIA001,Pailin,PAI - Pailin,Agent,In effect,PAIA001,Pailin,PAI,Agent,PAIA001 | Pailin | Pailin | 0977186678 | PAI | Pailin | Pailin | Agent
PAIA002,Sala Krau,PAI - Pailin,Agent,In effect,PAIA002,Sala Krau,PAI,Agent,PAIA002 | Sala Krau | Sala Krau | 0978877791 | PAI | Pailin | Pailin | Agent
PAIA003,Stueng Kach,PAI - Pailin,Agent,In effect,PAIA003,Stueng Kach,PAI,Agent,PAIA003 | Stueng Kach | Stueng Kach | 0883883383 | PAI | Pailin | Pailin | Agent
PAIS001,Pailin,PAI - Pailin,Showroom,In effect,PAIS001,Pailin,PAI,Showroom,PAIS001 | Pailin | Pailin | PAI | Pailin | Pailin | Showroom
DVCZ1,Vehicle Team Z1,PNP - Phnom Penh Branch,Post Office,In effect,DVCZ1,Vehicle Team Z1,PNP,Post Office,DVCZ1 | Vehicle Team Z1 | Vehicle Team Z1 | PNP | Phnom Penh Branch | Phnom Penh Branch | Post Office
HZ1P01,Head Office Z1,PNP - Phnom Penh Branch,Post Office,In effect,HZ1P01,Head Office Z1,PNP,Post Office,HZ1P01 | Head Office Z1 | Head Office Z1 | PNP | Phnom Penh Branch | Phnom Penh Branch | Post Office
PNPA001,Prey Sa,PNP - Phnom Penh Branch,Agent,In effect,PNPA001,Prey Sa,PNP,Agent,PNPA001 | Prey Sa | Prey Sa | PNP | Phnom Penh Branch | Phnom Penh Branch | Agent
PNPA002,Oulampik 01,PNP - Phnom Penh Branch,Agent,In effect,PNPA002,Oulampik 01,PNP,Agent,PNPA002 | Oulampik 01 | Oulampik 01 | 066659268 | PNP | Phnom Penh Branch | Phnom Penh Branch | Agent
PNPA003,Tuek Thla 01,PNP - Phnom Penh Branch,Agent,In effect,PNPA003,Tuek Thla 01,PNP,Agent,PNPA003 | Tuek Thla 01 | Tuek Thla 01 | 0312244786 | PNP | Phnom Penh Branch | Phnom Penh Branch | Agent
PNPA004,Chaom Chau Ti Pir,PNP - Phnom Penh Branch,Agent,In effect,PNPA004,Chaom Chau Ti Pir,PNP,Agent,PNPA004 | Chaom Chau Ti Pir | Chaom Chau Ti Pir | PNP | Phnom Penh Branch | Phnom Penh Branch | Agent
PNPA005,Trapeang Thloeng 4,PNP - Phnom Penh Branch,Agent,In effect,PNPA005,Trapeang Thloeng 4,PNP,Agent,PNPA005 | Trapeang Thloeng 4 | Trapeang Thloeng 4 | 068456594 | PNP | Phnom Penh Branch | Phnom Penh Branch | Agent
PNPA006,Kakab Ti Pir,PNP - Phnom Penh Branch,Agent,In effect,PNPA006,Kakab Ti Pir,PNP,Agent,PNPA006 | Kakab Ti Pir | Kakab Ti Pir | 0883794940 | PNP | Phnom Penh Branch | Phnom Penh Branch | Agent
PNPA007,Dangkao,PNP - Phnom Penh Branch,Agent,In effect,PNPA007,Dangkao,PNP,Agent,PNPA007 | Dangkao | Dangkao | 060285556 | PNP | Phnom Penh Branch | Phnom Penh Branch | Agent
PNPA008,Stueng Mean Chey Ti Bei,PNP - Phnom Penh Branch,Agent,In effect,PNPA008,Stueng Mean Chey Ti Bei,PNP,Agent,PNPA008 | Stueng Mean Chey Ti Bei | Stueng Mean Chey Ti Bei | 0975702255 | PNP | Phnom Penh Branch | Phnom Penh Branch | Agent
PNPA013,Kamboul,PNP - Phnom Penh Branch,Agent,In effect,PNPA013,Kamboul,PNP,Agent,PNPA013 | Kamboul | Kamboul | 0883777126 | PNP | Phnom Penh Branch | Phnom Penh Branch | Agent
PNPA016,Angk Snuol,PNP - Phnom Penh Branch,Agent,In effect,PNPA016,Angk Snuol,PNP,Agent,PNPA016 | Angk Snuol | Angk Snuol | 0883999617 | PNP | Phnom Penh Branch | Phnom Penh Branch | Agent
PNPA017,SOMOL MONORITH,PNP - Phnom Penh Branch,Agent,In effect,PNPA017,SOMOL MONORITH,PNP,Agent,PNPA017 | SOMOL MONORITH | SOMOL MONORITH | 090614747 | PNP | Phnom Penh Branch | Phnom Penh Branch | Agent
PNPA019,Ta Nuon,PNP - Phnom Penh Branch,Agent,In effect,PNPA019,Ta Nuon,PNP,Agent,PNPA019 | Ta Nuon | Ta Nuon | 090614747 | PNP | Phnom Penh Branch | Phnom Penh Branch | Agent
PNPA020,Tuol Svay Prey Ti Pir,PNP - Phnom Penh Branch,Agent,In effect,PNPA020,Tuol Svay Prey Ti Pir,PNP,Agent,PNPA020 | Tuol Svay Prey Ti Pir | Tuol Svay Prey Ti Pir | 0888888086 | PNP | Phnom Penh Branch | Phnom Penh Branch | Agent
PNPA022,Tien,PNP - Phnom Penh Branch,Agent,In effect,PNPA022,Tien,PNP,Agent,PNPA022 | Tien | Tien | 0886939168 | PNP | Phnom Penh Branch | Phnom Penh Branch | Agent
PNPA023,Chaom Chau Ti Pir,PNP - Phnom Penh Branch,Agent,In effect,PNPA023,Chaom Chau Ti Pir,PNP,Agent,PNPA023 | Chaom Chau Ti Pir | Chaom Chau Ti Pir | 0883338139 | PNP | Phnom Penh Branch | Phnom Penh Branch | Agent
PNPA024,Kakab Ti Muoy,PNP - Phnom Penh Branch,Agent,In effect,PNPA024,Kakab Ti Muoy,PNP,Agent,PNPA024 | Kakab Ti Muoy | Kakab Ti Muoy | 068888127 | PNP | Phnom Penh Branch | Phnom Penh Branch | Agent
PNPA025,Chaom Chau Ti Muoy 01,PNP - Phnom Penh Branch,Agent,In effect,PNPA025,Chaom Chau Ti Muoy 01,PNP,Agent,PNPA025 | Chaom Chau Ti Muoy 01 | Chaom Chau Ti Muoy 01 | 0889855597 | PNP | Phnom Penh Branch | Phnom Penh Branch | Agent
PNPA026,Stueng Mean Chey Ti Muoy,PNP - Phnom Penh Branch,Agent,In effect,PNPA026,Stueng Mean Chey Ti Muoy,PNP,Agent,PNPA026 | Stueng Mean Chey Ti Muoy | Stueng Mean Chey Ti Muoy | 0713440004 | PNP | Phnom Penh Branch | Phnom Penh Branch | Agent
PNPA027,Boeng Tumpun Ti Pir,PNP - Phnom Penh Branch,Agent,In effect,PNPA027,Boeng Tumpun Ti Pir,PNP,Agent,PNPA027 | Boeng Tumpun Ti Pir | Boeng Tumpun Ti Pir | 0972797979 | PNP | Phnom Penh Branch | Phnom Penh Branch | Agent
PNPA028,Chaom Chau Ti Muoy 02,PNP - Phnom Penh Branch,Agent,In effect,PNPA028,Chaom Chau Ti Muoy 02,PNP,Agent,PNPA028 | Chaom Chau Ti Muoy 02 | Chaom Chau Ti Muoy 02 | 0973004449 | PNP | Phnom Penh Branch | Phnom Penh Branch | Agent
PNPA029,Stueng Mean Chey Ti Pir,PNP - Phnom Penh Branch,Agent,In effect,PNPA029,Stueng Mean Chey Ti Pir,PNP,Agent,PNPA029 | Stueng Mean Chey Ti Pir | Stueng Mean Chey Ti Pir | 0719226226 | PNP | Phnom Penh Branch | Phnom Penh Branch | Agent
PNPA030,Stueng Mean Chey Ti Muoy,PNP - Phnom Penh Branch,Agent,In effect,PNPA030,Stueng Mean Chey Ti Muoy,PNP,Agent,PNPA030 | Stueng Mean Chey Ti Muoy | Stueng Mean Chey Ti Muoy | 068997172 | PNP | Phnom Penh Branch | Phnom Penh Branch | Agent
PNPA031,Dangkao 01,PNP - Phnom Penh Branch,Agent,In effect,PNPA031,Dangkao 01,PNP,Agent,PNPA031 | Dangkao 01 | Dangkao 01 | 0978287070 | PNP | Phnom Penh Branch | Phnom Penh Branch | Agent
PNPA032,Spean Thma,PNP - Phnom Penh Branch,Agent,In effect,PNPA032,Spean Thma,PNP,Agent,PNPA032 | Spean Thma | Spean Thma | 0882212222 | PNP | Phnom Penh Branch | Phnom Penh Branch | Agent
PNPA033,Cheung Aek,PNP - Phnom Penh Branch,Agent,In effect,PNPA033,Cheung Aek,PNP,Agent,PNPA033 | Cheung Aek | Cheung Aek | 0889179899 | PNP | Phnom Penh Branch | Phnom Penh Branch | Agent
PNPA034,Dangkao 02,PNP - Phnom Penh Branch,Agent,In effect,PNPA034,Dangkao 02,PNP,Agent,PNPA034 | Dangkao 02 | Dangkao 02 | 0889501199 | PNP | Phnom Penh Branch | Phnom Penh Branch | Agent
PNPA035,Ruessei Kaev 01,PNP - Phnom Penh Branch,Agent,In effect,PNPA035,Ruessei Kaev 01,PNP,Agent,PNPA035 | Ruessei Kaev 01 | Ruessei Kaev 01 | 0978252064 | PNP | Phnom Penh Branch | Phnom Penh Branch | Agent
PNPA036,Phsar Daeum Kor,PNP - Phnom Penh Branch,Agent,In effect,PNPA036,Phsar Daeum Kor,PNP,Agent,PNPA036 | Phsar Daeum Kor | Phsar Daeum Kor | 067444429 | PNP | Phnom Penh Branch | Phnom Penh Branch | Agent
PNPA037,Ruessei Kaev 02,PNP - Phnom Penh Branch,Agent,In effect,PNPA037,Ruessei Kaev 02,PNP,Agent,PNPA037 | Ruessei Kaev 02 | Ruessei Kaev 02 | 0977779525 | PNP | Phnom Penh Branch | Phnom Penh Branch | Agent
PNPA038,Kouk Khleang,PNP - Phnom Penh Branch,Agent,In effect,PNPA038,Kouk Khleang,PNP,Agent,PNPA038 | Kouk Khleang | Kouk Khleang | 0884006677 | PNP | Phnom Penh Branch | Phnom Penh Branch | Agent
PNPA039,Phnum Penh Thmei,PNP - Phnom Penh Branch,Agent,In effect,PNPA039,Phnum Penh Thmei,PNP,Agent,PNPA039 | Phnum Penh Thmei | Phnum Penh Thmei | 0885712259 | PNP | Phnom Penh Branch | Phnom Penh Branch | Agent
PNPA040,Tuek Thla 02,PNP - Phnom Penh Branch,Agent,In effect,PNPA040,Tuek Thla 02,PNP,Agent,PNPA040 | Tuek Thla 02 | Tuek Thla 02 | 0973333018 | PNP | Phnom Penh Branch | Phnom Penh Branch | Agent
PNPA041,Oulampik 02,PNP - Phnom Penh Branch,Agent,In effect,PNPA041,Oulampik 02,PNP,Agent,PNPA041 | Oulampik 02 | Oulampik 02 | 0976606888 | PNP | Phnom Penh Branch | Phnom Penh Branch | Agent
PNPA043,Preaek Pra,PNP - Phnom Penh Branch,Agent,In effect,PNPA043,Preaek Pra,PNP,Agent,PNPA043 | Preaek Pra | Preaek Pra | 067426467 | PNP | Phnom Penh Branch | Phnom Penh Branch | Agent
PNPA044,Phsar Chas,PNP - Phnom Penh Branch,Agent,In effect,PNPA044,Phsar Chas,PNP,Agent,PNPA044 | Phsar Chas | Phsar Chas | 0883633319 | PNP | Phnom Penh Branch | Phnom Penh Branch | Agent
PNPA045,Boeng Proluet,PNP - Phnom Penh Branch,Agent,In effect,PNPA045,Boeng Proluet,PNP,Agent,PNPA045 | Boeng Proluet | Boeng Proluet | 0976333853 | PNP | Phnom Penh Branch | Phnom Penh Branch | Agent
PNPA046,Chaom Chau Ti Bei 01,PNP - Phnom Penh Branch,Agent,In effect,PNPA046,Chaom Chau Ti Bei 01,PNP,Agent,PNPA046 | Chaom Chau Ti Bei 01 | Chaom Chau Ti Bei 01 | 066782866 | PNP | Phnom Penh Branch | Phnom Penh Branch | Agent
PNPA047,Phsar Thmei Ti Bei,PNP - Phnom Penh Branch,Agent,In effect,PNPA047,Phsar Thmei Ti Bei,PNP,Agent,PNPA047 | Phsar Thmei Ti Bei | Phsar Thmei Ti Bei | 0886785800 | PNP | Phnom Penh Branch | Phnom Penh Branch | Agent
PNPA048,Chrang Chamreh Ti Pir,PNP - Phnom Penh Branch,Agent,In effect,PNPA048,Chrang Chamreh Ti Pir,PNP,Agent,PNPA048 | Chrang Chamreh Ti Pir | Chrang Chamreh Ti Pir | 0714224400 | PNP | Phnom Penh Branch | Phnom Penh Branch | Agent
PNPA051,Tuek L'ak Ti Bei,PNP - Phnom Penh Branch,Agent,In effect,PNPA051,Tuek L'ak Ti Bei,PNP,Agent,PNPA051 | Tuek L'ak Ti Bei | Tuek L'ak Ti Bei | 066841666 | PNP | Phnom Penh Branch | Phnom Penh Branch | Agent
PNPA052,Chak Angrae Kraom,PNP - Phnom Penh Branch,Agent,In effect,PNPA052,Chak Angrae Kraom,PNP,Agent,PNPA052 | Chak Angrae Kraom | Chak Angrae Kraom | 0717102101 | PNP | Phnom Penh Branch | Phnom Penh Branch | Agent
PNPA055,Boeng Tumpun Ti Muoy,PNP - Phnom Penh Branch,Agent,In effect,PNPA055,Boeng Tumpun Ti Muoy,PNP,Agent,PNPA055 | Boeng Tumpun Ti Muoy | Boeng Tumpun Ti Muoy | 0972888509 | PNP | Phnom Penh Branch | Phnom Penh Branch | Agent
PNPA059,Phsar Toch,PNP - Phnom Penh Branch,Agent,In effect,PNPA059,Phsar Toch,PNP,Agent,PNPA059 | Phsar Toch | Phsar Toch | 0979994030 | PNP | Phnom Penh Branch | Phnom Penh Branch | Agent
PNPA060,Phsar Thmei Ti Muoy,PNP - Phnom Penh Branch,Agent,In effect,PNPA060,Phsar Thmei Ti Muoy,PNP,Agent,PNPA060 | Phsar Thmei Ti Muoy | Phsar Thmei Ti Muoy | 0713537070 | PNP | Phnom Penh Branch | Phnom Penh Branch | Agent
PNPA062,ST47 Srah Chak,PNP - Phnom Penh Branch,Agent,In effect,PNPA062,ST47 Srah Chak,PNP,Agent,PNPA062 | ST47 Srah Chak | ST47 Srah Chak | 0716002431 | PNP | Phnom Penh Branch | Phnom Penh Branch | Agent
PNPA064,Prey Pring Khang Tboung 2,PNP - Phnom Penh Branch,Agent,In effect,PNPA064,Prey Pring Khang Tboung 2,PNP,Agent,PNPA064 | Prey Pring Khang Tboung 2 | Prey Pring Khang Tboung 2 | 0976639839 | PNP | Phnom Penh Branch | Phnom Penh Branch | Agent
PNPA065,Phum2 Ou Ruessei Ti Pir Prampir Meakkara,PNP - Phnom Penh Branch,Agent,In effect,PNPA065,Phum2 Ou Ruessei Ti Pir Prampir Meakkara,PNP,Agent,PNPA065 | Phum2 Ou Ruessei Ti Pir Prampir Meakkara | Phum2 Ou Ruessei Ti Pir Prampir Meakkara | 0977030003 | PNP | Phnom Penh Branch | Phnom Penh Branch | Agent
PNPA069,Ou Baek K am,PNP - Phnom Penh Branch,Agent,In effect,PNPA069,Ou Baek K am,PNP,Agent,PNPA069 | Ou Baek K am | Ou Baek K am | 068389888 | PNP | Phnom Penh Branch | Phnom Penh Branch | Agent
PNPA070,Nirouth,PNP - Phnom Penh Branch,Agent,In effect,PNPA070,Nirouth,PNP,Agent,PNPA070 | Nirouth | Nirouth | 068362286 | PNP | Phnom Penh Branch | Phnom Penh Branch | Agent
PNPA071,Chong Khsach,PNP - Phnom Penh Branch,Agent,In effect,PNPA071,Chong Khsach,PNP,Agent,PNPA071 | Chong Khsach | Chong Khsach | 015604030 | PNP | Phnom Penh Branch | Phnom Penh Branch | Agent
PNPA072,Phsar Toch,PNP - Phnom Penh Branch,Agent,In effect,PNPA072,Phsar Toch,PNP,Agent,PNPA072 | Phsar Toch | Phsar Toch | 089966655 | PNP | Phnom Penh Branch | Phnom Penh Branch | Agent
PNPA073,Phsar Depou Ti Pir Phum 2,PNP - Phnom Penh Branch,Agent,In effect,PNPA073,Phsar Depou Ti Pir Phum 2,PNP,Agent,PNPA073 | Phsar Depou Ti Pir Phum 2 | Phsar Depou Ti Pir Phum 2 | 060243536 | PNP | Phnom Penh Branch | Phnom Penh Branch | Agent
PNPA074,Tuek Thla,PNP - Phnom Penh Branch,Agent,In effect,PNPA074,Tuek Thla,PNP,Agent,PNPA074 | Tuek Thla | Tuek Thla | 066366789 | PNP | Phnom Penh Branch | Phnom Penh Branch | Agent
PNPA079,Kab Phluk,PNP - Phnom Penh Branch,Agent,In effect,PNPA079,Kab Phluk,PNP,Agent,PNPA079 | Kab Phluk | Kab Phluk | 0975203928 | PNP | Phnom Penh Branch | Phnom Penh Branch | Agent
PNPA080,Phleung Chheh Roteh,PNP - Phnom Penh Branch,Agent,In effect,PNPA080,Phleung Chheh Roteh,PNP,Agent,PNPA080 | Phleung Chheh Roteh | Phleung Chheh Roteh | PNP | Phnom Penh Branch | Phnom Penh Branch | Agent
PNPA081,Phsar Thmei Ti Bei Phum 3,PNP - Phnom Penh Branch,Agent,In effect,PNPA081,Phsar Thmei Ti Bei Phum 3,PNP,Agent,PNPA081 | Phsar Thmei Ti Bei Phum 3 | Phsar Thmei Ti Bei Phum 3 | 0979700868 | PNP | Phnom Penh Branch | Phnom Penh Branch | Agent
PNPA087,Boeng Tumpun Ti Muoy,PNP - Phnom Penh Branch,Agent,In effect,PNPA087,Boeng Tumpun Ti Muoy,PNP,Agent,PNPA087 | Boeng Tumpun Ti Muoy | Boeng Tumpun Ti Muoy | 060673337 | PNP | Phnom Penh Branch | Phnom Penh Branch | Agent
PNPA088,Chaom Chau Ti Bei 02,PNP - Phnom Penh Branch,Agent,In effect,PNPA088,Chaom Chau Ti Bei 02,PNP,Agent,PNPA088 | Chaom Chau Ti Bei 02 | Chaom Chau Ti Bei 02 | 066778278 | PNP | Phnom Penh Branch | Phnom Penh Branch | Agent
PNPA091,Chaom Chau 2 Phum 1,PNP - Phnom Penh Branch,Agent,In effect,PNPA091,Chaom Chau 2 Phum 1,PNP,Agent,PNPA091 | Chaom Chau 2 Phum 1 | Chaom Chau 2 Phum 1 | 0882597401 | PNP | Phnom Penh Branch | Phnom Penh Branch | Agent
PNPA095,Wat Nirouth,PNP - Phnom Penh Branch,Agent,In effect,PNPA095,Wat Nirouth,PNP,Agent,PNPA095 | Wat Nirouth | Wat Nirouth | 0316888165 | PNP | Phnom Penh Branch | Phnom Penh Branch | Agent
PNPA096,Tuek L ak Ti Mouy Phum 7,PNP - Phnom Penh Branch,Agent,In effect,PNPA096,Tuek L ak Ti Mouy Phum 7,PNP,Agent,PNPA096 | Tuek L ak Ti Mouy Phum 7 | Tuek L ak Ti Mouy Phum 7 | 0973366376 | PNP | Phnom Penh Branch | Phnom Penh Branch | Agent
PNPA100,Tuol Pongro,PNP - Phnom Penh Branch,Agent,In effect,PNPA100,Tuol Pongro,PNP,Agent,PNPA100 | Tuol Pongro | Tuol Pongro | 0889202999 | PNP | Phnom Penh Branch | Phnom Penh Branch | Agent
PNPP001,Chamkar Mon,PNP - Phnom Penh Branch,Post Office,In effect,PNPP001,Chamkar Mon,PNP,Post Office,PNPP001 | Chamkar Mon | Chamkar Mon | 0886479090 | PNP | Phnom Penh Branch | Phnom Penh Branch | Post Office
PNPP002,Mean Chey 01,PNP - Phnom Penh Branch,Post Office,In effect,PNPP002,Mean Chey 01,PNP,Post Office,PNPP002 | Mean Chey 01 | Mean Chey 01 | 0713951242 | PNP | Phnom Penh Branch | Phnom Penh Branch | Post Office
PNPP003,Mean Chey 02,PNP - Phnom Penh Branch,Post Office,In effect,PNPP003,Mean Chey 02,PNP,Post Office,PNPP003 | Mean Chey 02 | Mean Chey 02 | 0315500998 | PNP | Phnom Penh Branch | Phnom Penh Branch | Post Office
PNPP004,Preaek Pnov,PNP - Phnom Penh Branch,Post Office,In effect,PNPP004,Preaek Pnov,PNP,Post Office,PNPP004 | Preaek Pnov | Preaek Pnov | 0717674227 | PNP | Phnom Penh Branch | Phnom Penh Branch | Post Office
PNPP005,Chbar Ampov,PNP - Phnom Penh Branch,Post Office,In effect,PNPP005,Chbar Ampov,PNP,Post Office,PNPP005 | Chbar Ampov | Chbar Ampov | 0975582123 | PNP | Phnom Penh Branch | Phnom Penh Branch | Post Office
PNPP006,Tuol Kouk,PNP - Phnom Penh Branch,Post Office,In effect,PNPP006,Tuol Kouk,PNP,Post Office,PNPP006 | Tuol Kouk | Tuol Kouk | 0976243981 | PNP | Phnom Penh Branch | Phnom Penh Branch | Post Office
PNPP007,Boeng Keng Kang,PNP - Phnom Penh Branch,Post Office,In effect,PNPP007,Boeng Keng Kang,PNP,Post Office,PNPP007 | Boeng Keng Kang | Boeng Keng Kang | 0977681433 | PNP | Phnom Penh Branch | Phnom Penh Branch | Post Office
PNPP008,Pou Saen Chey 01,PNP - Phnom Penh Branch,Post Office,In effect,PNPP008,Pou Saen Chey 01,PNP,Post Office,PNPP008 | Pou Saen Chey 01 | Pou Saen Chey 01 | 0977872172 | PNP | Phnom Penh Branch | Phnom Penh Branch | Post Office
PNPP009,Pou Saen Chey 02,PNP - Phnom Penh Branch,Post Office,In effect,PNPP009,Pou Saen Chey 02,PNP,Post Office,PNPP009 | Pou Saen Chey 02 | Pou Saen Chey 02 | 0712265139 | PNP | Phnom Penh Branch | Phnom Penh Branch | Post Office
PNPP010,Chraoy Chongvar,PNP - Phnom Penh Branch,Post Office,In effect,PNPP010,Chraoy Chongvar,PNP,Post Office,PNPP010 | Chraoy Chongvar | Chraoy Chongvar | 068288779 | PNP | Phnom Penh Branch | Phnom Penh Branch | Post Office
PNPP011,Dangkao,PNP - Phnom Penh Branch,Post Office,In effect,PNPP011,Dangkao,PNP,Post Office,PNPP011 | Dangkao | Dangkao | 0883331768 | PNP | Phnom Penh Branch | Phnom Penh Branch | Post Office
PNPP012,Kamboul,PNP - Phnom Penh Branch,Post Office,In effect,PNPP012,Kamboul,PNP,Post Office,PNPP012 | Kamboul | Kamboul | PNP | Phnom Penh Branch | Phnom Penh Branch | Post Office
PNPP013,Saen Sokh,PNP - Phnom Penh Branch,Post Office,In effect,PNPP013,Saen Sokh,PNP,Post Office,PNPP013 | Saen Sokh | Saen Sokh | 0889432820 | PNP | Phnom Penh Branch | Phnom Penh Branch | Post Office
PNPP014,Doun Penh,PNP - Phnom Penh Branch,Post Office,In effect,PNPP014,Doun Penh,PNP,Post Office,PNPP014 | Doun Penh | Doun Penh | 0888985557 | PNP | Phnom Penh Branch | Phnom Penh Branch | Post Office
PNPS001,Phsar Thmei Ti Muoy,PNP - Phnom Penh Branch,Showroom,In effect,PNPS001,Phsar Thmei Ti Muoy,PNP,Showroom,PNPS001 | Phsar Thmei Ti Muoy | Phsar Thmei Ti Muoy | PNP | Phnom Penh Branch | Phnom Penh Branch | Showroom
PNPS002,Boeng Kak Ti Pir,PNP - Phnom Penh Branch,Showroom,In effect,PNPS002,Boeng Kak Ti Pir,PNP,Showroom,PNPS002 | Boeng Kak Ti Pir | Boeng Kak Ti Pir | PNP | Phnom Penh Branch | Phnom Penh Branch | Showroom
PNPS003,Nirouth,PNP - Phnom Penh Branch,Showroom,In effect,PNPS003,Nirouth,PNP,Showroom,PNPS003 | Nirouth | Nirouth | PNP | Phnom Penh Branch | Phnom Penh Branch | Showroom
PNPS004,Tuek Thla,PNP - Phnom Penh Branch,Showroom,In effect,PNPS004,Tuek Thla,PNP,Showroom,PNPS004 | Tuek Thla | Tuek Thla | PNP | Phnom Penh Branch | Phnom Penh Branch | Showroom
PNPS005,Chaom Chau Ti Muoy 01,PNP - Phnom Penh Branch,Showroom,In effect,PNPS005,Chaom Chau Ti Muoy 01,PNP,Showroom,PNPS005 | Chaom Chau Ti Muoy 01 | Chaom Chau Ti Muoy 01 | PNP | Phnom Penh Branch | Phnom Penh Branch | Showroom
PNPS006,Srah Chak,PNP - Phnom Penh Branch,Showroom,In effect,PNPS006,Srah Chak,PNP,Showroom,PNPS006 | Srah Chak | Srah Chak | PNP | Phnom Penh Branch | Phnom Penh Branch | Showroom
PNPS007,Tuol Svay Prey Ti Pir,PNP - Phnom Penh Branch,Showroom,In effect,PNPS007,Tuol Svay Prey Ti Pir,PNP,Showroom,PNPS007 | Tuol Svay Prey Ti Pir | Tuol Svay Prey Ti Pir | PNP | Phnom Penh Branch | Phnom Penh Branch | Showroom
PNPS008,Chaom Chau Ti Muoy 02,PNP - Phnom Penh Branch,Showroom,In effect,PNPS008,Chaom Chau Ti Muoy 02,PNP,Showroom,PNPS008 | Chaom Chau Ti Muoy 02 | Chaom Chau Ti Muoy 02 | PNP | Phnom Penh Branch | Phnom Penh Branch | Showroom
TEST,MAPBCCS,PNP - Phnom Penh Branch,Agent,Out of effect,TEST,MAPBCCS,PNP,Agent,TEST | MAPBCCS | MAPBCCS | 0314930000 | PNP | Phnom Penh Branch | Phnom Penh Branch | Agent
PRE040,Pea REANG,PRE - Prey Veng,Agent,In effect,PRE040,Pea REANG,PRE,Agent,PRE040 | Pea REANG | Pea REANG | 0717740101 | PRE | Prey Veng | Prey Veng | Agent
PREA001,Prey Pnov 01,PRE - Prey Veng,Agent,In effect,PREA001,Prey Pnov 01,PRE,Agent,PREA001 | Prey Pnov 01 | Prey Pnov 01 | 0888814399 | PRE | Prey Veng | Prey Veng | Agent
PREA002,Prey Kanlaong,PRE - Prey Veng,Agent,In effect,PREA002,Prey Kanlaong,PRE,Agent,PREA002 | Prey Kanlaong | Prey Kanlaong | 0888864046 | PRE | Prey Veng | Prey Veng | Agent
PREA003,Svay Antor 01,PRE - Prey Veng,Agent,In effect,PREA003,Svay Antor 01,PRE,Agent,PREA003 | Svay Antor 01 | Svay Antor 01 | 0888881669 | PRE | Prey Veng | Prey Veng | Agent
PREA004,Svay Antor 02,PRE - Prey Veng,Agent,In effect,PREA004,Svay Antor 02,PRE,Agent,PREA004 | Svay Antor 02 | Svay Antor 02 | 0977610036 | PRE | Prey Veng | Prey Veng | Agent
PREA005,Preaek Ta Sar,PRE - Prey Veng,Agent,In effect,PREA005,Preaek Ta Sar,PRE,Agent,PREA005 | Preaek Ta Sar | Preaek Ta Sar | 0718880188 | PRE | Prey Veng | Prey Veng | Agent
PREA006,Prey Daeum Thnoeng,PRE - Prey Veng,Agent,In effect,PREA006,Prey Daeum Thnoeng,PRE,Agent,PREA006 | Prey Daeum Thnoeng | Prey Daeum Thnoeng | 0975161696 | PRE | Prey Veng | Prey Veng | Agent
PREA007,Roka,PRE - Prey Veng,Agent,In effect,PREA007,Roka,PRE,Agent,PREA007 | Roka | Roka | 0887923737 | PRE | Prey Veng | Prey Veng | Agent
PREA008,Prey Pnov 02,PRE - Prey Veng,Agent,In effect,PREA008,Prey Pnov 02,PRE,Agent,PREA008 | Prey Pnov 02 | Prey Pnov 02 | 068663933 | PRE | Prey Veng | Prey Veng | Agent
PREA009,Smaong Khang Cheung,PRE - Prey Veng,Agent,In effect,PREA009,Smaong Khang Cheung,PRE,Agent,PREA009 | Smaong Khang Cheung | Smaong Khang Cheung | 0717764777 | PRE | Prey Veng | Prey Veng | Agent
PREA010,Tnaot,PRE - Prey Veng,Agent,In effect,PREA010,Tnaot,PRE,Agent,PREA010 | Tnaot | Tnaot | 0716638822 | PRE | Prey Veng | Prey Veng | Agent
PREA011,Kranhung,PRE - Prey Veng,Agent,In effect,PREA011,Kranhung,PRE,Agent,PREA011 | Kranhung | Kranhung | 0979227625 | PRE | Prey Veng | Prey Veng | Agent
PREA012,Chres 01,PRE - Prey Veng,Agent,In effect,PREA012,Chres 01,PRE,Agent,PREA012 | Chres 01 | Chres 01 | 0713644302 | PRE | Prey Veng | Prey Veng | Agent
PREA013,Prasat,PRE - Prey Veng,Agent,In effect,PREA013,Prasat,PRE,Agent,PREA013 | Prasat | Prasat | 0314262232 | PRE | Prey Veng | Prey Veng | Agent
PREA014,Angkor Sar,PRE - Prey Veng,Agent,In effect,PREA014,Angkor Sar,PRE,Agent,PREA014 | Angkor Sar | Angkor Sar | 0887732183 | PRE | Prey Veng | Prey Veng | Agent
PREA015,Banteay Chakrei 01,PRE - Prey Veng,Agent,In effect,PREA015,Banteay Chakrei 01,PRE,Agent,PREA015 | Banteay Chakrei 01 | Banteay Chakrei 01 | 090348958 | PRE | Prey Veng | Prey Veng | Agent
PREA016,Boeng Preah,PRE - Prey Veng,Agent,In effect,PREA016,Boeng Preah,PRE,Agent,PREA016 | Boeng Preah | Boeng Preah | 0716909494 | PRE | Prey Veng | Prey Veng | Agent
PREA017,Preaek Khsay Kha,PRE - Prey Veng,Agent,In effect,PREA017,Preaek Khsay Kha,PRE,Agent,PREA017 | Preaek Khsay Kha | Preaek Khsay Kha | 090236222 | PRE | Prey Veng | Prey Veng | Agent
PREA018,Prey Totueng,PRE - Prey Veng,Agent,In effect,PREA018,Prey Totueng,PRE,Agent,PREA018 | Prey Totueng | Prey Totueng | 0978381594 | PRE | Prey Veng | Prey Veng | Agent
PREA019,Kampong Trabaek,PRE - Prey Veng,Agent,In effect,PREA019,Kampong Trabaek,PRE,Agent,PREA019 | Kampong Trabaek | Kampong Trabaek | 0978993411 | PRE | Prey Veng | Prey Veng | Agent
PREA020,Angkor Reach,PRE - Prey Veng,Agent,In effect,PREA020,Angkor Reach,PRE,Agent,PREA020 | Angkor Reach | Angkor Reach | 0978931026 | PRE | Prey Veng | Prey Veng | Agent
PREA021,Banteay Chakrei 02,PRE - Prey Veng,Agent,In effect,PREA021,Banteay Chakrei 02,PRE,Agent,PREA021 | Banteay Chakrei 02 | Banteay Chakrei 02 | 0714884338 | PRE | Prey Veng | Prey Veng | Agent
PREA022,Chres 02,PRE - Prey Veng,Agent,In effect,PREA022,Chres 02,PRE,Agent,PREA022 | Chres 02 | Chres 02 | 0979060115 | PRE | Prey Veng | Prey Veng | Agent
PREA023,Peam Ro,PRE - Prey Veng,Agent,In effect,PREA023,Peam Ro,PRE,Agent,PREA023 | Peam Ro | Peam Ro | 0314440002 | PRE | Prey Veng | Prey Veng | Agent
PREA024,Chheu Kach,PRE - Prey Veng,Agent,In effect,PREA024,Chheu Kach,PRE,Agent,PREA024 | Chheu Kach | Chheu Kach | 0315555262 | PRE | Prey Veng | Prey Veng | Agent
PREA025,Peam Muntear,PRE - Prey Veng,Agent,In effect,PREA025,Peam Muntear,PRE,Agent,PREA025 | Peam Muntear | Peam Muntear | 0712220180 | PRE | Prey Veng | Prey Veng | Agent
PREA026,Prey Tueng,PRE - Prey Veng,Agent,In effect,PREA026,Prey Tueng,PRE,Agent,PREA026 | Prey Tueng | Prey Tueng | 0314874949 | PRE | Prey Veng | Prey Veng | Agent
PREA027,CHHEANG SEANGKHIN,PRE - Prey Veng,Agent,In effect,PREA027,CHHEANG SEANGKHIN,PRE,Agent,PREA027 | CHHEANG SEANGKHIN | CHHEANG SEANGKHIN | 090772299 | PRE | Prey Veng | Prey Veng | Agent
PREA028,Sao Raksmey,PRE - Prey Veng,Agent,In effect,PREA028,Sao Raksmey,PRE,Agent,PREA028 | Sao Raksmey | Sao Raksmey | 0972706439 | PRE | Prey Veng | Prey Veng | Agent
PREA029,Kampong Soeng,PRE - Prey Veng,Agent,In effect,PREA029,Kampong Soeng,PRE,Agent,PREA029 | Kampong Soeng | Kampong Soeng | 0884653111 | PRE | Prey Veng | Prey Veng | Agent
PREA030,Me Sang,PRE - Prey Veng,Agent,In effect,PREA030,Me Sang,PRE,Agent,PREA030 | Me Sang | Me Sang | 0317000006 | PRE | Prey Veng | Prey Veng | Agent
PREA031,Kampong Trabaek,PRE - Prey Veng,Agent,In effect,PREA031,Kampong Trabaek,PRE,Agent,PREA031 | Kampong Trabaek | Kampong Trabaek | 0889916636 | PRE | Prey Veng | Prey Veng | Agent
PREA032,Peam Ro,PRE - Prey Veng,Agent,In effect,PREA032,Peam Ro,PRE,Agent,PREA032 | Peam Ro | Peam Ro | 0884311255 | PRE | Prey Veng | Prey Veng | Agent
PREA033,Svay Antor,PRE - Prey Veng,Agent,In effect,PREA033,Svay Antor,PRE,Agent,PREA033 | Svay Antor | Svay Antor | 0716334505 | PRE | Prey Veng | Prey Veng | Agent
PREA034,Kamchay Mear,PRE - Prey Veng,Agent,In effect,PREA034,Kamchay Mear,PRE,Agent,PREA034 | Kamchay Mear | Kamchay Mear | 0712897000 | PRE | Prey Veng | Prey Veng | Agent
PREA035,Preach Sdach,PRE - Prey Veng,Agent,In effect,PREA035,Preach Sdach,PRE,Agent,PREA035 | Preach Sdach | Preach Sdach | 066699942 | PRE | Prey Veng | Prey Veng | Agent
PREA036,Preach Sdach,PRE - Prey Veng,Agent,In effect,PREA036,Preach Sdach,PRE,Agent,PREA036 | Preach Sdach | Preach Sdach | 0977752906 | PRE | Prey Veng | Prey Veng | Agent
PREA037,Preach Sdach,PRE - Prey Veng,Agent,In effect,PREA037,Preach Sdach,PRE,Agent,PREA037 | Preach Sdach | Preach Sdach | 0888897456 | PRE | Prey Veng | Prey Veng | Agent
PREA038,Svay Antor,PRE - Prey Veng,Agent,In effect,PREA038,Svay Antor,PRE,Agent,PREA038 | Svay Antor | Svay Antor | 0718000166 | PRE | Prey Veng | Prey Veng | Agent
PREA039,Kanhchriech,PRE - Prey Veng,Agent,In effect,PREA039,Kanhchriech,PRE,Agent,PREA039 | Kanhchriech | Kanhchriech | 0319800009 | PRE | Prey Veng | Prey Veng | Agent
PREP001,Prey Veng,PRE - Prey Veng,Post Office,In effect,PREP001,Prey Veng,PRE,Post Office,PREP001 | Prey Veng | Prey Veng | 0712930022 | PRE | Prey Veng | Prey Veng | Post Office
PRES001,Kampong Leav,PRE - Prey Veng,Showroom,In effect,PRES001,Kampong Leav,PRE,Showroom,PRES001 | Kampong Leav | Kampong Leav | 0973330402 | PRE | Prey Veng | Prey Veng | Showroom
PRES002,Preaek Khsay Kha,PRE - Prey Veng,Showroom,In effect,PRES002,Preaek Khsay Kha,PRE,Showroom,PRES002 | Preaek Khsay Kha | Preaek Khsay Kha | 0889401311 | PRE | Prey Veng | Prey Veng | Showroom
PRES003,Chheu Kach,PRE - Prey Veng,Showroom,In effect,PRES003,Chheu Kach,PRE,Showroom,PRES003 | Chheu Kach | Chheu Kach | PRE | Prey Veng | Prey Veng | Showroom
PRES004,Chheu Kach,PRE - Prey Veng,Showroom,In effect,PRES004,Chheu Kach,PRE,Showroom,PRES004 | Chheu Kach | Chheu Kach | 068406208 | PRE | Prey Veng | Prey Veng | Showroom
PRES005,Roka,PRE - Prey Veng,Showroom,In effect,PRES005,Roka,PRE,Showroom,PRES005 | Roka | Roka | 0973856137 | PRE | Prey Veng | Prey Veng | Showroom
PRHA001,Pal Hal,PRH - Preah Vihear,Agent,In effect,PRHA001,Pal Hal,PRH,Agent,PRHA001 | Pal Hal | Pal Hal | 0972269860 | PRH | Preah Vihear | Preah Vihear | Agent
PRHA002,Toek Kraham,PRH - Preah Vihear,Agent,In effect,PRHA002,Toek Kraham,PRH,Agent,PRHA002 | Toek Kraham | Toek Kraham | 0974833461 | PRH | Preah Vihear | Preah Vihear | Agent
PRHA003,Rumdaoh Srae,PRH - Preah Vihear,Agent,In effect,PRHA003,Rumdaoh Srae,PRH,Agent,PRHA003 | Rumdaoh Srae | Rumdaoh Srae | 066286770 | PRH | Preah Vihear | Preah Vihear | Agent
PRHA004,Kantuot,PRH - Preah Vihear,Agent,In effect,PRHA004,Kantuot,PRH,Agent,PRHA004 | Kantuot | Kantuot | 0889903333 | PRH | Preah Vihear | Preah Vihear | Agent
PRHA005,Kuleaen Tboung,PRH - Preah Vihear,Agent,In effect,PRHA005,Kuleaen Tboung,PRH,Agent,PRHA005 | Kuleaen Tboung | Kuleaen Tboung | 0313309030 | PRH | Preah Vihear | Preah Vihear | Agent
PRHA006,Choam Khsan,PRH - Preah Vihear,Agent,In effect,PRHA006,Choam Khsan,PRH,Agent,PRHA006 | Choam Khsan | Choam Khsan | 0316692222 | PRH | Preah Vihear | Preah Vihear | Agent
PRHA007,Kampong Sralau Pir,PRH - Preah Vihear,Agent,In effect,PRHA007,Kampong Sralau Pir,PRH,Agent,PRHA007 | Kampong Sralau Pir | Kampong Sralau Pir | 0977477105 | PRH | Preah Vihear | Preah Vihear | Agent
PRHA008,Chamraeun,PRH - Preah Vihear,Agent,In effect,PRHA008,Chamraeun,PRH,Agent,PRHA008 | Chamraeun | Chamraeun | 0979999660 | PRH | Preah Vihear | Preah Vihear | Agent
PRHA009,S'ang,PRH - Preah Vihear,Agent,In effect,PRHA009,S'ang,PRH,Agent,PRHA009 | S'ang | S'ang | 0887799550 | PRH | Preah Vihear | Preah Vihear | Agent
PRHA010,Preah Khleang,PRH - Preah Vihear,Agent,In effect,PRHA010,Preah Khleang,PRH,Agent,PRHA010 | Preah Khleang | Preah Khleang | 0883220036 | PRH | Preah Vihear | Preah Vihear | Agent
PRHA011,Robieb,PRH - Preah Vihear,Agent,In effect,PRHA011,Robieb,PRH,Agent,PRHA011 | Robieb | Robieb | 0972123227 | PRH | Preah Vihear | Preah Vihear | Agent
PRHA012,Chhaeb Muoy,PRH - Preah Vihear,Agent,In effect,PRHA012,Chhaeb Muoy,PRH,Agent,PRHA012 | Chhaeb Muoy | Chhaeb Muoy | 0977268488 | PRH | Preah Vihear | Preah Vihear | Agent
PRHA013,Rummeakney,PRH - Preah Vihear,Agent,In effect,PRHA013,Rummeakney,PRH,Agent,PRHA013 | Rummeakney | Rummeakney | 0312353506 | PRH | Preah Vihear | Preah Vihear | Agent
PRHA015,Phnum Tbaeng Pir,PRH - Preah Vihear,Agent,In effect,PRHA015,Phnum Tbaeng Pir,PRH,Agent,PRHA015 | Phnum Tbaeng Pir | Phnum Tbaeng Pir | 0975434842 | PRH | Preah Vihear | Preah Vihear | Agent
PRHA016,Srayang,PRH - Preah Vihear,Agent,In effect,PRHA016,Srayang,PRH,Agent,PRHA016 | Srayang | Srayang | 0882224111 | PRH | Preah Vihear | Preah Vihear | Agent
PRHP001,Preah Vihear,PRH - Preah Vihear,Post Office,In effect,PRHP001,Preah Vihear,PRH,Post Office,PRHP001 | Preah Vihear | Preah Vihear | 0974477281 | PRH | Preah Vihear | Preah Vihear | Post Office
PRHS001,Kampong Pranak,PRH - Preah Vihear,Showroom,In effect,PRHS001,Kampong Pranak,PRH,Showroom,PRHS001 | Kampong Pranak | Kampong Pranak | 0977778830 | PRH | Preah Vihear | Preah Vihear | Showroom
PURA001,Kandieng,PUR - Pursat,Agent,In effect,PURA001,Kandieng,PUR,Agent,PURA001 | Kandieng | Kandieng | 0975599822 | PUR | Pursat | Pursat | Agent
PURA002,Srae Sdok,PUR - Pursat,Agent,In effect,PURA002,Srae Sdok,PUR,Agent,PURA002 | Srae Sdok | Srae Sdok | 060382388 | PUR | Pursat | Pursat | Agent
PURA003,Chheu Tom,PUR - Pursat,Agent,In effect,PURA003,Chheu Tom,PUR,Agent,PURA003 | Chheu Tom | Chheu Tom | 0712510096 | PUR | Pursat | Pursat | Agent
PURA004,Phteah Rung,PUR - Pursat,Agent,In effect,PURA004,Phteah Rung,PUR,Agent,PURA004 | Phteah Rung | Phteah Rung | 0883656115 | PUR | Pursat | Pursat | Agent
PURA005,Sna Ansa,PUR - Pursat,Agent,In effect,PURA005,Sna Ansa,PUR,Agent,PURA005 | Sna Ansa | Sna Ansa | 0977934754 | PUR | Pursat | Pursat | Agent
PURA006,Leach,PUR - Pursat,Agent,In effect,PURA006,Leach,PUR,Agent,PURA006 | Leach | Leach | 0973333773 | PUR | Pursat | Pursat | Agent
PURA007,Ta Lou 01,PUR - Pursat,Agent,In effect,PURA007,Ta Lou 01,PUR,Agent,PURA007 | Ta Lou 01 | Ta Lou 01 | 0715421918 | PUR | Pursat | Pursat | Agent
PURA008,Anlung Tnaot,PUR - Pursat,Agent,In effect,PURA008,Anlung Tnaot,PUR,Agent,PURA008 | Anlung Tnaot | Anlung Tnaot | 0974178777 | PUR | Pursat | Pursat | Agent
PURA009,Me Tuek,PUR - Pursat,Agent,In effect,PURA009,Me Tuek,PUR,Agent,PURA009 | Me Tuek | Me Tuek | 067300991 | PUR | Pursat | Pursat | Agent
PURA010,Pramaoy 01,PUR - Pursat,Agent,In effect,PURA010,Pramaoy 01,PUR,Agent,PURA010 | Pramaoy 01 | Pramaoy 01 | 0889002282 | PUR | Pursat | Pursat | Agent
PURA011,Pramaoy 02,PUR - Pursat,Agent,In effect,PURA011,Pramaoy 02,PUR,Agent,PURA011 | Pramaoy 02 | Pramaoy 02 | 0884370168 | PUR | Pursat | Pursat | Agent
PURA012,Ou Ta Paong,PUR - Pursat,Agent,In effect,PURA012,Ou Ta Paong,PUR,Agent,PURA012 | Ou Ta Paong | Ou Ta Paong | 0977395398 | PUR | Pursat | Pursat | Agent
PURA013,Ou Saom,PUR - Pursat,Agent,In effect,PURA013,Ou Saom,PUR,Agent,PURA013 | Ou Saom | Ou Saom | 0889469666 | PUR | Pursat | Pursat | Agent
PURA014,Snam Preah,PUR - Pursat,Agent,In effect,PURA014,Snam Preah,PUR,Agent,PURA014 | Snam Preah | Snam Preah | 0976632663 | PUR | Pursat | Pursat | Agent
PURA015,Ou Sandan,PUR - Pursat,Agent,In effect,PURA015,Ou Sandan,PUR,Agent,PURA015 | Ou Sandan | Ou Sandan | 0977990073 | PUR | Pursat | Pursat | Agent
PURA016,Ta Lou 02,PUR - Pursat,Agent,In effect,PURA016,Ta Lou 02,PUR,Agent,PURA016 | Ta Lou 02 | Ta Lou 02 | 0966719553 | PUR | Pursat | Pursat | Agent
PURA017,Boeng Khnar,PUR - Pursat,Agent,In effect,PURA017,Boeng Khnar,PUR,Agent,PURA017 | Boeng Khnar | Boeng Khnar | 0713222192 | PUR | Pursat | Pursat | Agent
PURA018,Trapeang Chong,PUR - Pursat,Agent,In effect,PURA018,Trapeang Chong,PUR,Agent,PURA018 | Trapeang Chong | Trapeang Chong | 0976877444 | PUR | Pursat | Pursat | Agent
PURP001,Pousat,PUR - Pursat,Post Office,In effect,PURP001,Pousat,PUR,Post Office,PURP001 | Pousat | Pousat | 0977738488 | PUR | Pursat | Pursat | Post Office
PURS001,Phteah Prey,PUR - Pursat,Showroom,In effect,PURS001,Phteah Prey,PUR,Showroom,PURS001 | Phteah Prey | Phteah Prey | PUR | Pursat | Pursat | Showroom
PURS002,Boeng Khnar,PUR - Pursat,Showroom,In effect,PURS002,Boeng Khnar,PUR,Showroom,PURS002 | Boeng Khnar | Boeng Khnar | PUR | Pursat | Pursat | Showroom
ROTA001,Trapeang Chres,ROT - Ratanak Kiri,Agent,In effect,ROTA001,Trapeang Chres,ROT,Agent,ROTA001 | Trapeang Chres | Trapeang Chres | 0974707171 | ROT | Ratanak Kiri | Ratanak Kiri | Agent
ROTA002,Labansiek,ROT - Ratanak Kiri,Agent,In effect,ROTA002,Labansiek,ROT,Agent,ROTA002 | Labansiek | Labansiek | 0975578077 | ROT | Ratanak Kiri | Ratanak Kiri | Agent
ROTA003,Ta Veaeng Leu,ROT - Ratanak Kiri,Agent,In effect,ROTA003,Ta Veaeng Leu,ROT,Agent,ROTA003 | Ta Veaeng Leu | Ta Veaeng Leu | 0717272436 | ROT | Ratanak Kiri | Ratanak Kiri | Agent
ROTA004,Keh Chong,ROT - Ratanak Kiri,Agent,In effect,ROTA004,Keh Chong,ROT,Agent,ROTA004 | Keh Chong | Keh Chong | 0974970505 | ROT | Ratanak Kiri | Ratanak Kiri | Agent
ROTA005,Lum Choar,ROT - Ratanak Kiri,Agent,In effect,ROTA005,Lum Choar,ROT,Agent,ROTA005 | Lum Choar | Lum Choar | 0979818199 | ROT | Ratanak Kiri | Ratanak Kiri | Agent
ROTA006,Chey Otdam 01,ROT - Ratanak Kiri,Agent,In effect,ROTA006,Chey Otdam 01,ROT,Agent,ROTA006 | Chey Otdam 01 | Chey Otdam 01 | 0977740002 | ROT | Ratanak Kiri | Ratanak Kiri | Agent
ROTA007,Malik,ROT - Ratanak Kiri,Agent,In effect,ROTA007,Malik,ROT,Agent,ROTA007 | Malik | Malik | 0974538161 | ROT | Ratanak Kiri | Ratanak Kiri | Agent
ROTA008,Kachanh 01,ROT - Ratanak Kiri,Agent,In effect,ROTA008,Kachanh 01,ROT,Agent,ROTA008 | Kachanh 01 | Kachanh 01 | 0978252640 | ROT | Ratanak Kiri | Ratanak Kiri | Agent
ROTA009,Kachanh 02,ROT - Ratanak Kiri,Agent,In effect,ROTA009,Kachanh 02,ROT,Agent,ROTA009 | Kachanh 02 | Kachanh 02 | 0888989883 | ROT | Ratanak Kiri | Ratanak Kiri | Agent
ROTA010,Teun,ROT - Ratanak Kiri,Agent,In effect,ROTA010,Teun,ROT,Agent,ROTA010 | Teun | Teun | 0885949079 | ROT | Ratanak Kiri | Ratanak Kiri | Agent
ROTA011,Chey Otdam 02,ROT - Ratanak Kiri,Agent,In effect,ROTA011,Chey Otdam 02,ROT,Agent,ROTA011 | Chey Otdam 02 | Chey Otdam 02 | 0975862533 | ROT | Ratanak Kiri | Ratanak Kiri | Agent
ROTA012,Ba Tang,ROT - Ratanak Kiri,Agent,In effect,ROTA012,Ba Tang,ROT,Agent,ROTA012 | Ba Tang | Ba Tang | 060929929 | ROT | Ratanak Kiri | Ratanak Kiri | Agent
ROTA013,Ou Chum,ROT - Ratanak Kiri,Agent,In effect,ROTA013,Ou Chum,ROT,Agent,ROTA013 | Ou Chum | Ou Chum | 0313377735 | ROT | Ratanak Kiri | Ratanak Kiri | Agent
ROTA014,Trapeang Kraham 01,ROT - Ratanak Kiri,Agent,In effect,ROTA014,Trapeang Kraham 01,ROT,Agent,ROTA014 | Trapeang Kraham 01 | Trapeang Kraham 01 | 0974821222 | ROT | Ratanak Kiri | Ratanak Kiri | Agent
ROTA015,Veun Sai,ROT - Ratanak Kiri,Agent,In effect,ROTA015,Veun Sai,ROT,Agent,ROTA015 | Veun Sai | Veun Sai | 0978441069 | ROT | Ratanak Kiri | Ratanak Kiri | Agent
ROTA016,Trapeang Kraham 02,ROT - Ratanak Kiri,Agent,In effect,ROTA016,Trapeang Kraham 02,ROT,Agent,ROTA016 | Trapeang Kraham 02 | Trapeang Kraham 02 | 0979604499 | ROT | Ratanak Kiri | Ratanak Kiri | Agent
ROTA017,Srae Angkrong,ROT - Ratanak Kiri,Agent,In effect,ROTA017,Srae Angkrong,ROT,Agent,ROTA017 | Srae Angkrong | Srae Angkrong | 0972997353 | ROT | Ratanak Kiri | Ratanak Kiri | Agent
ROTP001,Ratanakiri,ROT - Ratanak Kiri,Post Office,In effect,ROTP001,Ratanakiri,ROT,Post Office,ROTP001 | Ratanakiri | Ratanakiri | 0972959859 | ROT | Ratanak Kiri | Ratanak Kiri | Post Office
ROTS001,Labansiek,ROT - Ratanak Kiri,Showroom,In effect,ROTS001,Labansiek,ROT,Showroom,ROTS001 | Labansiek | Labansiek | 0975330962 | ROT | Ratanak Kiri | Ratanak Kiri | Showroom
ROTS002,La Minh,ROT - Ratanak Kiri,Showroom,In effect,ROTS002,La Minh,ROT,Showroom,ROTS002 | La Minh | La Minh | 0977773839 | ROT | Ratanak Kiri | Ratanak Kiri | Showroom
ROTS003,Boeng Kansaeng,ROT - Ratanak Kiri,Showroom,In effect,ROTS003,Boeng Kansaeng,ROT,Showroom,ROTS003 | Boeng Kansaeng | Boeng Kansaeng | 0315555236 | ROT | Ratanak Kiri | Ratanak Kiri | Showroom
HUBSIE001,Hub vùng HUBSIE001,SIE - Siem Reap,Warehouse / Hub,Out of effect,HUBSIE001,Hub vùng HUBSIE001,SIE,Warehouse / Hub,HUBSIE001 | Hub vùng HUBSIE001 | Hub vùng HUBSIE001 | SIE | Siem Reap | Siem Reap | Warehouse / Hub
HZ2P01,Head Office Z2,SIE - Siem Reap,Post Office,In effect,HZ2P01,Head Office Z2,SIE,Post Office,HZ2P01 | Head Office Z2 | Head Office Z2 | SIE | Siem Reap | Siem Reap | Post Office
SIEA001,Svay Leu,SIE - Siem Reap,Agent,In effect,SIEA001,Svay Leu,SIE,Agent,SIEA001 | Svay Leu | Svay Leu | 0979053555 | SIE | Siem Reap | Siem Reap | Agent
SIEA002,Puok 01,SIE - Siem Reap,Agent,In effect,SIEA002,Puok 01,SIE,Agent,SIEA002 | Puok 01 | Puok 01 | 0975481444 | SIE | Siem Reap | Siem Reap | Agent
SIEA003,Dam Daek,SIE - Siem Reap,Agent,In effect,SIEA003,Dam Daek,SIE,Agent,SIEA003 | Dam Daek | Dam Daek | 066865653 | SIE | Siem Reap | Siem Reap | Agent
SIEA005,Srangae,SIE - Siem Reap,Agent,In effect,SIEA005,Srangae,SIE,Agent,SIEA005 | Srangae | Srangae | 0974343776 | SIE | Siem Reap | Siem Reap | Agent
SIEA006,Kralanh,SIE - Siem Reap,Agent,In effect,SIEA006,Kralanh,SIE,Agent,SIEA006 | Kralanh | Kralanh | 0975464445 | SIE | Siem Reap | Siem Reap | Agent
SIEA007,Srae Nouy,SIE - Siem Reap,Agent,In effect,SIEA007,Srae Nouy,SIE,Agent,SIEA007 | Srae Nouy | Srae Nouy | 060596668 | SIE | Siem Reap | Siem Reap | Agent
SIEA008,Kampong Kdei,SIE - Siem Reap,Agent,In effect,SIEA008,Kampong Kdei,SIE,Agent,SIEA008 | Kampong Kdei | Kampong Kdei | 0884246677 | SIE | Siem Reap | Siem Reap | Agent
SIEA009,Samraong,SIE - Siem Reap,Agent,In effect,SIEA009,Samraong,SIE,Agent,SIEA009 | Samraong | Samraong | 0718448884 | SIE | Siem Reap | Siem Reap | Agent
SIEA010,Kantreang,SIE - Siem Reap,Agent,In effect,SIEA010,Kantreang,SIE,Agent,SIEA010 | Kantreang | Kantreang | 0886526700 | SIE | Siem Reap | Siem Reap | Agent
SIEA011,Sala Kamraeuk,SIE - Siem Reap,Agent,In effect,SIEA011,Sala Kamraeuk,SIE,Agent,SIEA011 | Sala Kamraeuk | Sala Kamraeuk | 067557686 | SIE | Siem Reap | Siem Reap | Agent
SIEA012,Ballang,SIE - Siem Reap,Agent,In effect,SIEA012,Ballang,SIE,Agent,SIEA012 | Ballang | Ballang | 0974693524 | SIE | Siem Reap | Siem Reap | Agent
SIEA014,Chrouy Neang Nguon,SIE - Siem Reap,Agent,In effect,SIEA014,Chrouy Neang Nguon,SIE,Agent,SIEA014 | Chrouy Neang Nguon | Chrouy Neang Nguon | 0884818395 | SIE | Siem Reap | Siem Reap | Agent
SIEA016,Siem Reab,SIE - Siem Reap,Agent,In effect,SIEA016,Siem Reab,SIE,Agent,SIEA016 | Siem Reab | Siem Reab | 0714468468 | SIE | Siem Reap | Siem Reap | Agent
SIEA017,Kouk Chak,SIE - Siem Reap,Agent,In effect,SIEA017,Kouk Chak,SIE,Agent,SIEA017 | Kouk Chak | Kouk Chak | 066728622 | SIE | Siem Reap | Siem Reap | Agent
SIEA022,Puok 02,SIE - Siem Reap,Agent,In effect,SIEA022,Puok 02,SIE,Agent,SIEA022 | Puok 02 | Puok 02 | 0712668626 | SIE | Siem Reap | Siem Reap | Agent
SIEA030,Char Chhuk,SIE - Siem Reap,Agent,In effect,SIEA030,Char Chhuk,SIE,Agent,SIEA030 | Char Chhuk | Char Chhuk | 0974577522 | SIE | Siem Reap | Siem Reap | Agent
SIEA031,Khnar Sanday,SIE - Siem Reap,Agent,In effect,SIEA031,Khnar Sanday,SIE,Agent,SIEA031 | Khnar Sanday | Khnar Sanday | 090811187 | SIE | Siem Reap | Siem Reap | Agent
SIEA033,Svay Sa,SIE - Siem Reap,Agent,In effect,SIEA033,Svay Sa,SIE,Agent,SIEA033 | Svay Sa | Svay Sa | 0713076258 | SIE | Siem Reap | Siem Reap | Agent
SIEA034,Anlung Samnar,SIE - Siem Reap,Agent,In effect,SIEA034,Anlung Samnar,SIE,Agent,SIEA034 | Anlung Samnar | Anlung Samnar | 0977666622 | SIE | Siem Reap | Siem Reap | Agent
SIEA035,Sla Kram,SIE - Siem Reap,Agent,In effect,SIEA035,Sla Kram,SIE,Agent,SIEA035 | Sla Kram | Sla Kram | 0713333717 | SIE | Siem Reap | Siem Reap | Agent
SIEA036,Kaev Poar,SIE - Siem Reap,Agent,In effect,SIEA036,Kaev Poar,SIE,Agent,SIEA036 | Kaev Poar | Kaev Poar | 0883393307 | SIE | Siem Reap | Siem Reap | Agent
SIEA037,Ruessei Lok,SIE - Siem Reap,Agent,In effect,SIEA037,Ruessei Lok,SIE,Agent,SIEA037 | Ruessei Lok | Ruessei Lok | 066332241 | SIE | Siem Reap | Siem Reap | Agent
SIEA038,Peak Snaeng,SIE - Siem Reap,Agent,In effect,SIEA038,Peak Snaeng,SIE,Agent,SIEA038 | Peak Snaeng | Peak Snaeng | 066728622 | SIE | Siem Reap | Siem Reap | Agent
SIEA039,Kandaek,SIE - Siem Reap,Agent,In effect,SIEA039,Kandaek,SIE,Agent,SIEA039 | Kandaek | Kandaek | 0886683828 | SIE | Siem Reap | Siem Reap | Agent
SIEP001,Siem Reab,SIE - Siem Reap,Post Office,In effect,SIEP001,Siem Reab,SIE,Post Office,SIEP001 | Siem Reab | Siem Reab | 0976241999 | SIE | Siem Reap | Siem Reap | Post Office
SIES001,Kouk Chak,SIE - Siem Reap,Showroom,In effect,SIES001,Kouk Chak,SIE,Showroom,SIES001 | Kouk Chak | Kouk Chak | 0888552626 | SIE | Siem Reap | Siem Reap | Showroom
SIES002,Siem Reab,SIE - Siem Reap,Showroom,In effect,SIES002,Siem Reab,SIE,Showroom,SIES002 | Siem Reab | Siem Reab | 066660093 | SIE | Siem Reap | Siem Reap | Showroom
SIES003,Dam Daek,SIE - Siem Reap,Showroom,In effect,SIES003,Dam Daek,SIE,Showroom,SIES003 | Dam Daek | Dam Daek | 0974545556 | SIE | Siem Reap | Siem Reap | Showroom
DVCZ4,Vehicle Team Z4,SIH - Sihanoukville,Post Office,In effect,DVCZ4,Vehicle Team Z4,SIH,Post Office,DVCZ4 | Vehicle Team Z4 | Vehicle Team Z4 | SIH | Sihanoukville | Sihanoukville | Post Office
HUBSIH01,Hub vùng HUBSIH01,SIH - Sihanoukville,Warehouse / Hub,Out of effect,HUBSIH01,Hub vùng HUBSIH01,SIH,Warehouse / Hub,HUBSIH01 | Hub vùng HUBSIH01 | Hub vùng HUBSIH01 | SIH | Sihanoukville | Sihanoukville | Warehouse / Hub
SIHA001,Tumnob Rolok,SIH - Sihanoukville,Agent,In effect,SIHA001,Tumnob Rolok,SIH,Agent,SIHA001 | Tumnob Rolok | Tumnob Rolok | 0314000700 | SIH | Sihanoukville | Sihanoukville | Agent
SIHA002,Boeng Ta Prum,SIH - Sihanoukville,Agent,In effect,SIHA002,Boeng Ta Prum,SIH,Agent,SIHA002 | Boeng Ta Prum | Boeng Ta Prum | 0713337606 | SIH | Sihanoukville | Sihanoukville | Agent
SIHA003,Ou Oknha Heng,SIH - Sihanoukville,Agent,In effect,SIHA003,Ou Oknha Heng,SIH,Agent,SIHA003 | Ou Oknha Heng | Ou Oknha Heng | 0887253325 | SIH | Sihanoukville | Sihanoukville | Agent
SIHA004,Prey Nob,SIH - Sihanoukville,Agent,In effect,SIHA004,Prey Nob,SIH,Agent,SIHA004 | Prey Nob | Prey Nob | 0882218111 | SIH | Sihanoukville | Sihanoukville | Agent
SIHA005,Andoung Thma,SIH - Sihanoukville,Agent,In effect,SIHA005,Andoung Thma,SIH,Agent,SIHA005 | Andoung Thma | Andoung Thma | 0719772546 | SIH | Sihanoukville | Sihanoukville | Agent
SIHA006,Cheung Kou,SIH - Sihanoukville,Agent,In effect,SIHA006,Cheung Kou,SIH,Agent,SIHA006 | Cheung Kou | Cheung Kou | 0979696654 | SIH | Sihanoukville | Sihanoukville | Agent
SIHA007,Lekh Muoy 01,SIH - Sihanoukville,Agent,In effect,SIHA007,Lekh Muoy 01,SIH,Agent,SIHA007 | Lekh Muoy 01 | Lekh Muoy 01 | 0886566000 | SIH | Sihanoukville | Sihanoukville | Agent
SIHA008,Lekh Muoy 02,SIH - Sihanoukville,Agent,In effect,SIHA008,Lekh Muoy 02,SIH,Agent,SIHA008 | Lekh Muoy 02 | Lekh Muoy 02 | 0314000700 | SIH | Sihanoukville | Sihanoukville | Agent
SIHA009,Stueng Chhay,SIH - Sihanoukville,Agent,In effect,SIHA009,Stueng Chhay,SIH,Agent,SIHA009 | Stueng Chhay | Stueng Chhay | 0716668661 | SIH | Sihanoukville | Sihanoukville | Agent
SIHP001,Preah Sihanouk,SIH - Sihanoukville,Post Office,In effect,SIHP001,Preah Sihanouk,SIH,Post Office,SIHP001 | Preah Sihanouk | Preah Sihanouk | 0972158568 | SIH | Sihanoukville | Sihanoukville | Post Office
SIHS001,Lekh Buon,SIH - Sihanoukville,Showroom,In effect,SIHS001,Lekh Buon,SIH,Showroom,SIHS001 | Lekh Buon | Lekh Buon | 0719998091 | SIH | Sihanoukville | Sihanoukville | Showroom
SIHS002,Veal Renh,SIH - Sihanoukville,Showroom,In effect,SIHS002,Veal Renh,SIH,Showroom,SIHS002 | Veal Renh | Veal Renh | 0889419922 | SIH | Sihanoukville | Sihanoukville | Showroom
SPEA001,Preah Khae,SPE - Kampong Speu,Agent,In effect,SPEA001,Preah Khae,SPE,Agent,SPEA001 | Preah Khae | Preah Khae | 0977626085 | SPE | Kampong Speu | Kampong Speu | Agent
SPEA002,Svay Rumpear,SPE - Kampong Speu,Agent,In effect,SPEA002,Svay Rumpear,SPE,Agent,SPEA002 | Svay Rumpear | Svay Rumpear | 060317111 | SPE | Kampong Speu | Kampong Speu | Agent
SPEA003,Krang Chek,SPE - Kampong Speu,Agent,In effect,SPEA003,Krang Chek,SPE,Agent,SPEA003 | Krang Chek | Krang Chek | 0975188198 | SPE | Kampong Speu | Kampong Speu | Agent
SPEA004,Roka Kaoh 01,SPE - Kampong Speu,Agent,In effect,SPEA004,Roka Kaoh 01,SPE,Agent,SPEA004 | Roka Kaoh 01 | Roka Kaoh 01 | 0976433308 | SPE | Kampong Speu | Kampong Speu | Agent
SPEA005,Sambour,SPE - Kampong Speu,Agent,In effect,SPEA005,Sambour,SPE,Agent,SPEA005 | Sambour | Sambour | 0884207700 | SPE | Kampong Speu | Kampong Speu | Agent
SPEA007,Samrong Tong,SPE - Kampong Speu,Agent,In effect,SPEA007,Samrong Tong,SPE,Agent,SPEA007 | Samrong Tong | Samrong Tong | 0314214242 | SPE | Kampong Speu | Kampong Speu | Agent
SPEA008,Pou Chamraeun,SPE - Kampong Speu,Agent,In effect,SPEA008,Pou Chamraeun,SPE,Agent,SPEA008 | Pou Chamraeun | Pou Chamraeun | 0712929111 | SPE | Kampong Speu | Kampong Speu | Agent
SPEA009,Traeng Trayueng,SPE - Kampong Speu,Agent,In effect,SPEA009,Traeng Trayueng,SPE,Agent,SPEA009 | Traeng Trayueng | Traeng Trayueng | 067735151 | SPE | Kampong Speu | Kampong Speu | Agent
SPEA010,Pneay,SPE - Kampong Speu,Agent,In effect,SPEA010,Pneay,SPE,Agent,SPEA010 | Pneay | Pneay | 0977773588 | SPE | Kampong Speu | Kampong Speu | Agent
SPEA011,Rung Roeang,SPE - Kampong Speu,Agent,In effect,SPEA011,Rung Roeang,SPE,Agent,SPEA011 | Rung Roeang | Rung Roeang | 0883539111 | SPE | Kampong Speu | Kampong Speu | Agent
SPEA012,Amleang,SPE - Kampong Speu,Agent,In effect,SPEA012,Amleang,SPE,Agent,SPEA012 | Amleang | Amleang | 0718570111 | SPE | Kampong Speu | Kampong Speu | Agent
SPEA013,Skuh,SPE - Kampong Speu,Agent,In effect,SPEA013,Skuh,SPE,Agent,SPEA013 | Skuh | Skuh | 0887393401 | SPE | Kampong Speu | Kampong Speu | Agent
SPEA014,Chambak,SPE - Kampong Speu,Agent,In effect,SPEA014,Chambak,SPE,Agent,SPEA014 | Chambak | Chambak | 067309697 | SPE | Kampong Speu | Kampong Speu | Agent
SPEA015,Roleang Kreul 01,SPE - Kampong Speu,Agent,In effect,SPEA015,Roleang Kreul 01,SPE,Agent,SPEA015 | Roleang Kreul 01 | Roleang Kreul 01 | 0979207902 | SPE | Kampong Speu | Kampong Speu | Agent
SPEA016,Roka Kaoh 02,SPE - Kampong Speu,Agent,In effect,SPEA016,Roka Kaoh 02,SPE,Agent,SPEA016 | Roka Kaoh 02 | Roka Kaoh 02 | 0979028751 | SPE | Kampong Speu | Kampong Speu | Agent
SPEA017,Khsem Khsan,SPE - Kampong Speu,Agent,In effect,SPEA017,Khsem Khsan,SPE,Agent,SPEA017 | Khsem Khsan | Khsem Khsan | 0319173555 | SPE | Kampong Speu | Kampong Speu | Agent
SPEA018,Pheakdei,SPE - Kampong Speu,Agent,In effect,SPEA018,Pheakdei,SPE,Agent,SPEA018 | Pheakdei | Pheakdei | 0978894333 | SPE | Kampong Speu | Kampong Speu | Agent
SPEA019,Prey Kmeng,SPE - Kampong Speu,Agent,In effect,SPEA019,Prey Kmeng,SPE,Agent,SPEA019 | Prey Kmeng | Prey Kmeng | 0719000076 | SPE | Kampong Speu | Kampong Speu | Agent
SPEA020,Prey Sralaeng,SPE - Kampong Speu,Agent,In effect,SPEA020,Prey Sralaeng,SPE,Agent,SPEA020 | Prey Sralaeng | Prey Sralaeng | 068989873 | SPE | Kampong Speu | Kampong Speu | Agent
SPEA021,Tang Krouch,SPE - Kampong Speu,Agent,In effect,SPEA021,Tang Krouch,SPE,Agent,SPEA021 | Tang Krouch | Tang Krouch | 090240230 | SPE | Kampong Speu | Kampong Speu | Agent
SPEA022,Voa Sar,SPE - Kampong Speu,Agent,In effect,SPEA022,Voa Sar,SPE,Agent,SPEA022 | Voa Sar | Voa Sar | 0716368844 | SPE | Kampong Speu | Kampong Speu | Agent
SPEA023,Trapeang Chou,SPE - Kampong Speu,Agent,In effect,SPEA023,Trapeang Chou,SPE,Agent,SPEA023 | Trapeang Chou | Trapeang Chou | 0979744416 | SPE | Kampong Speu | Kampong Speu | Agent
SPEA024,Ou Ta Vam,SPE - Kampong Speu,Agent,In effect,SPEA024,Ou Ta Vam,SPE,Agent,SPEA024 | Ou Ta Vam | Ou Ta Vam | 090353686 | SPE | Kampong Speu | Kampong Speu | Agent
SPEA025,Tang Sya,SPE - Kampong Speu,Agent,In effect,SPEA025,Tang Sya,SPE,Agent,SPEA025 | Tang Sya | Tang Sya | 0976668600 | SPE | Kampong Speu | Kampong Speu | Agent
SPEA026,Ta Sal,SPE - Kampong Speu,Agent,In effect,SPEA026,Ta Sal,SPE,Agent,SPEA026 | Ta Sal | Ta Sal | 0972572737 | SPE | Kampong Speu | Kampong Speu | Agent
SPEA027,Ou,SPE - Kampong Speu,Agent,In effect,SPEA027,Ou,SPE,Agent,SPEA027 | Ou | Ou | 0718952758 | SPE | Kampong Speu | Kampong Speu | Agent
SPEA028,Veang Chas,SPE - Kampong Speu,Agent,In effect,SPEA028,Veang Chas,SPE,Agent,SPEA028 | Veang Chas | Veang Chas | 090888506 | SPE | Kampong Speu | Kampong Speu | Agent
SPEA029,Sangkae Satob,SPE - Kampong Speu,Agent,In effect,SPEA029,Sangkae Satob,SPE,Agent,SPEA029 | Sangkae Satob | Sangkae Satob | 0889342916 | SPE | Kampong Speu | Kampong Speu | Agent
SPEA030,Khtum Krang,SPE - Kampong Speu,Agent,In effect,SPEA030,Khtum Krang,SPE,Agent,SPEA030 | Khtum Krang | Khtum Krang | 068672668 | SPE | Kampong Speu | Kampong Speu | Agent
SPEA031,Krang Khnong,SPE - Kampong Speu,Agent,In effect,SPEA031,Krang Khnong,SPE,Agent,SPEA031 | Krang Khnong | Krang Khnong | 0975566365 | SPE | Kampong Speu | Kampong Speu | Agent
SPEA032,Roleang Kreul 02,SPE - Kampong Speu,Agent,In effect,SPEA032,Roleang Kreul 02,SPE,Agent,SPEA032 | Roleang Kreul 02 | Roleang Kreul 02 | 0974122355 | SPE | Kampong Speu | Kampong Speu | Agent
SPEP001,Chbar Mon,SPE - Kampong Speu,Post Office,In effect,SPEP001,Chbar Mon,SPE,Post Office,SPEP001 | Chbar Mon | Chbar Mon | 0715554858 | SPE | Kampong Speu | Kampong Speu | Post Office
SPES001,Rokar Thum,SPE - Kampong Speu,Showroom,In effect,SPES001,Rokar Thum,SPE,Showroom,SPES001 | Rokar Thum | Rokar Thum | 0979859966 | SPE | Kampong Speu | Kampong Speu | Showroom
SPES002,Snam Krapeu,SPE - Kampong Speu,Showroom,In effect,SPES002,Snam Krapeu,SPE,Showroom,SPES002 | Snam Krapeu | Snam Krapeu | 0973381119 | SPE | Kampong Speu | Kampong Speu | Showroom
STUA001,Sekong,STU - Stung Treng,Agent,In effect,STUA001,Sekong,STU,Agent,STUA001 | Sekong | Sekong | 0718149159 | STU | Stung Treng | Stung Treng | Agent
STUA002,Siem Bouk 01,STU - Stung Treng,Agent,In effect,STUA002,Siem Bouk 01,STU,Agent,STUA002 | Siem Bouk 01 | Siem Bouk 01 | 0884737897 | STU | Stung Treng | Stung Treng | Agent
STUA003,Ou Svay,STU - Stung Treng,Agent,In effect,STUA003,Ou Svay,STU,Agent,STUA003 | Ou Svay | Ou Svay | 0888713860 | STU | Stung Treng | Stung Treng | Agent
STUA004,Kbal Romeas 01,STU - Stung Treng,Agent,In effect,STUA004,Kbal Romeas 01,STU,Agent,STUA004 | Kbal Romeas 01 | Kbal Romeas 01 | 0979115186 | STU | Stung Treng | Stung Treng | Agent
STUA006,Siem Bouk 02,STU - Stung Treng,Agent,In effect,STUA006,Siem Bouk 02,STU,Agent,STUA006 | Siem Bouk 02 | Siem Bouk 02 | 0974769888 | STU | Stung Treng | Stung Treng | Agent
STUA007,Phluk,STU - Stung Treng,Agent,In effect,STUA007,Phluk,STU,Agent,STUA007 | Phluk | Phluk | 0718796868 | STU | Stung Treng | Stung Treng | Agent
STUA008,Kbal Romeas 02,STU - Stung Treng,Agent,In effect,STUA008,Kbal Romeas 02,STU,Agent,STUA008 | Kbal Romeas 02 | Kbal Romeas 02 | 0889899074 | STU | Stung Treng | Stung Treng | Agent
STUA009,Anlung Chrey,STU - Stung Treng,Agent,In effect,STUA009,Anlung Chrey,STU,Agent,STUA009 | Anlung Chrey | Anlung Chrey | 0887515877 | STU | Stung Treng | Stung Treng | Agent
STUA010,Preah Rumkel,STU - Stung Treng,Agent,In effect,STUA010,Preah Rumkel,STU,Agent,STUA010 | Preah Rumkel | Preah Rumkel | 0889099904 | STU | Stung Treng | Stung Treng | Agent
STUP001,Stung Treng,STU - Stung Treng,Post Office,In effect,STUP001,Stung Treng,STU,Post Office,STUP001 | Stung Treng | Stung Treng | 0978797000 | STU | Stung Treng | Stung Treng | Post Office
STUS001,Stueng Traeng,STU - Stung Treng,Showroom,In effect,STUS001,Stueng Traeng,STU,Showroom,STUS001 | Stueng Traeng | Stueng Traeng | 0313598585 | STU | Stung Treng | Stung Treng | Showroom
SVAA001,Khsaet,SVA - Svay Rieng,Agent,In effect,SVAA001,Khsaet,SVA,Agent,SVAA001 | Khsaet | Khsaet | 0975390008 | SVA | Svay Rieng | Svay Rieng | Agent
SVAA002,Kokir,SVA - Svay Rieng,Agent,In effect,SVAA002,Kokir,SVA,Agent,SVAA002 | Kokir | Kokir | 0974595363 | SVA | Svay Rieng | Svay Rieng | Agent
SVAA003,Ang Prasrae,SVA - Svay Rieng,Agent,In effect,SVAA003,Ang Prasrae,SVA,Agent,SVAA003 | Ang Prasrae | Ang Prasrae | 0716431779 | SVA | Svay Rieng | Svay Rieng | Agent
SVAA004,Kampong Chak,SVA - Svay Rieng,Agent,In effect,SVAA004,Kampong Chak,SVA,Agent,SVAA004 | Kampong Chak | Kampong Chak | 0977281916 | SVA | Svay Rieng | Svay Rieng | Agent
SVAA005,Bati,SVA - Svay Rieng,Agent,In effect,SVAA005,Bati,SVA,Agent,SVAA005 | Bati | Bati | 0979151383 | SVA | Svay Rieng | Svay Rieng | Agent
SVAA006,Samraong,SVA - Svay Rieng,Agent,In effect,SVAA006,Samraong,SVA,Agent,SVAA006 | Samraong | Samraong | 0973077882 | SVA | Svay Rieng | Svay Rieng | Agent
SVAA007,Kruos,SVA - Svay Rieng,Agent,In effect,SVAA007,Kruos,SVA,Agent,SVAA007 | Kruos | Kruos | 0884779853 | SVA | Svay Rieng | Svay Rieng | Agent
SVAA008,Chantrei,SVA - Svay Rieng,Agent,In effect,SVAA008,Chantrei,SVA,Agent,SVAA008 | Chantrei | Chantrei | 0714023030 | SVA | Svay Rieng | Svay Rieng | Agent
SVAA009,Doun Sa,SVA - Svay Rieng,Agent,In effect,SVAA009,Doun Sa,SVA,Agent,SVAA009 | Doun Sa | Doun Sa | 0714743388 | SVA | Svay Rieng | Svay Rieng | Agent
SVAA010,Kampong Trach,SVA - Svay Rieng,Agent,In effect,SVAA010,Kampong Trach,SVA,Agent,SVAA010 | Kampong Trach | Kampong Trach | 0717678881 | SVA | Svay Rieng | Svay Rieng | Agent
SVAA011,Sambat Mean Chey,SVA - Svay Rieng,Agent,In effect,SVAA011,Sambat Mean Chey,SVA,Agent,SVAA011 | Sambat Mean Chey | Sambat Mean Chey | 0712255771 | SVA | Svay Rieng | Svay Rieng | Agent
SVAA012,Doung,SVA - Svay Rieng,Agent,In effect,SVAA012,Doung,SVA,Agent,SVAA012 | Doung | Doung | 0976954441 | SVA | Svay Rieng | Svay Rieng | Agent
SVAA013,Chres,SVA - Svay Rieng,Agent,In effect,SVAA013,Chres,SVA,Agent,SVAA013 | Chres | Chres | 0977050535 | SVA | Svay Rieng | Svay Rieng | Agent
SVAA014,Mream,SVA - Svay Rieng,Agent,In effect,SVAA014,Mream,SVA,Agent,SVAA014 | Mream | Mream | 0979255956 | SVA | Svay Rieng | Svay Rieng | Agent
SVAA015,Svay Thum,SVA - Svay Rieng,Agent,In effect,SVAA015,Svay Thum,SVA,Agent,SVAA015 | Svay Thum | Svay Thum | 0887241333 | SVA | Svay Rieng | Svay Rieng | Agent
SVAA016,Pou Reach,SVA - Svay Rieng,Agent,In effect,SVAA016,Pou Reach,SVA,Agent,SVAA016 | Pou Reach | Pou Reach | 0888787630 | SVA | Svay Rieng | Svay Rieng | Agent
SVAA017,Chrey Thum,SVA - Svay Rieng,Agent,In effect,SVAA017,Chrey Thum,SVA,Agent,SVAA017 | Chrey Thum | Chrey Thum | 0887666963 | SVA | Svay Rieng | Svay Rieng | Agent
SVAA018,Koki Saom,SVA - Svay Rieng,Agent,In effect,SVAA018,Koki Saom,SVA,Agent,SVAA018 | Koki Saom | Koki Saom | 0974444011 | SVA | Svay Rieng | Svay Rieng | Agent
SVAA019,Svay Chrum,SVA - Svay Rieng,Agent,In effect,SVAA019,Svay Chrum,SVA,Agent,SVAA019 | Svay Chrum | Svay Chrum | 0883644453 | SVA | Svay Rieng | Svay Rieng | Agent
SVAA020,Pouthi,SVA - Svay Rieng,Agent,In effect,SVAA020,Pouthi,SVA,Agent,SVAA020 | Pouthi | Pouthi | 0886658844 | SVA | Svay Rieng | Svay Rieng | Agent
SVAA021,Kampot Chroot,SVA - Svay Rieng,Agent,In effect,SVAA021,Kampot Chroot,SVA,Agent,SVAA021 | Kampot Chroot | Kampot Chroot | 0975393893 | SVA | Svay Rieng | Svay Rieng | Agent
SVAA022,Bos Svay,SVA - Svay Rieng,Agent,In effect,SVAA022,Bos Svay,SVA,Agent,SVAA022 | Bos Svay | Bos Svay | 0977141888 | SVA | Svay Rieng | Svay Rieng | Agent
SVAA023,Prey Ta Ei,SVA - Svay Rieng,Agent,In effect,SVAA023,Prey Ta Ei,SVA,Agent,SVAA023 | Prey Ta Ei | Prey Ta Ei | 0973572727 | SVA | Svay Rieng | Svay Rieng | Agent
SVAA024,Kraol Kou,SVA - Svay Rieng,Agent,In effect,SVAA024,Kraol Kou,SVA,Agent,SVAA024 | Kraol Kou | Kraol Kou | 0882699969 | SVA | Svay Rieng | Svay Rieng | Agent
SVAA025,Chher Teal,SVA - Svay Rieng,Agent,In effect,SVAA025,Chher Teal,SVA,Agent,SVAA025 | Chher Teal | Chher Teal | 0977479888 | SVA | Svay Rieng | Svay Rieng | Agent
SVAA026,Svay Ang,SVA - Svay Rieng,Agent,In effect,SVAA026,Svay Ang,SVA,Agent,SVAA026 | Svay Ang | Svay Ang | 0975685056 | SVA | Svay Rieng | Svay Rieng | Agent
SVAA027,Doung,SVA - Svay Rieng,Agent,In effect,SVAA027,Doung,SVA,Agent,SVAA027 | Doung | Doung | 0977872091 | SVA | Svay Rieng | Svay Rieng | Agent
SVAA028,Sambour,SVA - Svay Rieng,Agent,In effect,SVAA028,Sambour,SVA,Agent,SVAA028 | Sambour | Sambour | 0979003070 | SVA | Svay Rieng | Svay Rieng | Agent
SVAA029,Pong Tuek,SVA - Svay Rieng,Agent,In effect,SVAA029,Pong Tuek,SVA,Agent,SVAA029 | Pong Tuek | Pong Tuek | 0976330633 | SVA | Svay Rieng | Svay Rieng | Agent
SVAA030,Chantrei,SVA - Svay Rieng,Agent,In effect,SVAA030,Chantrei,SVA,Agent,SVAA030 | Chantrei | Chantrei | 0714771463 | SVA | Svay Rieng | Svay Rieng | Agent
SVAP001,Svay Rieng,SVA - Svay Rieng,Post Office,In effect,SVAP001,Svay Rieng,SVA,Post Office,SVAP001 | Svay Rieng | Svay Rieng | 0979938909 | SVA | Svay Rieng | Svay Rieng | Post Office
SVAS001,Svay Rieng,SVA - Svay Rieng,Showroom,In effect,SVAS001,Svay Rieng,SVA,Showroom,SVAS001 | Svay Rieng | Svay Rieng | SVA | Svay Rieng | Svay Rieng | Showroom
SVAS002,Bavet,SVA - Svay Rieng,Showroom,In effect,SVAS002,Bavet,SVA,Showroom,SVAS002 | Bavet | Bavet | SVA | Svay Rieng | Svay Rieng | Showroom
SVAS003,Chrak Mtes,SVA - Svay Rieng,Showroom,In effect,SVAS003,Chrak Mtes,SVA,Showroom,SVAS003 | Chrak Mtes | Chrak Mtes | SVA | Svay Rieng | Svay Rieng | Showroom
SVAS004,Kampong Trach,SVA - Svay Rieng,Showroom,In effect,SVAS004,Kampong Trach,SVA,Showroom,SVAS004 | Kampong Trach | Kampong Trach | SVA | Svay Rieng | Svay Rieng | Showroom
TAKA001,Ou Saray,TAK - Takeo,Agent,In effect,TAKA001,Ou Saray,TAK,Agent,TAKA001 | Ou Saray | Ou Saray | 0979577757 | TAK | Takeo | Takeo | Agent
TAKA002,Sun Chanchav,TAK - Takeo,Agent,In effect,TAKA002,Sun Chanchav,TAK,Agent,TAKA002 | Sun Chanchav | Sun Chanchav | 0979997422 | TAK | Takeo | Takeo | Agent
TAKA003,Trapeang Kranhung,TAK - Takeo,Agent,In effect,TAKA003,Trapeang Kranhung,TAK,Agent,TAKA003 | Trapeang Kranhung | Trapeang Kranhung | 090464768 | TAK | Takeo | Takeo | Agent
TAKA004,Tram Kak,TAK - Takeo,Agent,In effect,TAKA004,Tram Kak,TAK,Agent,TAKA004 | Tram Kak | Tram Kak | 0978347373 | TAK | Takeo | Takeo | Agent
TAKA005,Romenh 01,TAK - Takeo,Agent,In effect,TAKA005,Romenh 01,TAK,Agent,TAKA005 | Romenh 01 | Romenh 01 | 0882509797 | TAK | Takeo | Takeo | Agent
TAKA006,Sambuor,TAK - Takeo,Agent,In effect,TAKA006,Sambuor,TAK,Agent,TAKA006 | Sambuor | Sambuor | 0974442250 | TAK | Takeo | Takeo | Agent
TAKA007,Angkanh,TAK - Takeo,Agent,In effect,TAKA007,Angkanh,TAK,Agent,TAKA007 | Angkanh | Angkanh | 0716073334 | TAK | Takeo | Takeo | Agent
TAKA008,Khvav,TAK - Takeo,Agent,In effect,TAKA008,Khvav,TAK,Agent,TAKA008 | Khvav | Khvav | 0973338659 | TAK | Takeo | Takeo | Agent
TAKA009,Kouk Pou,TAK - Takeo,Agent,In effect,TAKA009,Kouk Pou,TAK,Agent,TAKA009 | Kouk Pou | Kouk Pou | 0715926060 | TAK | Takeo | Takeo | Agent
TAKA010,Krapum Chhuk,TAK - Takeo,Agent,In effect,TAKA010,Krapum Chhuk,TAK,Agent,TAKA010 | Krapum Chhuk | Krapum Chhuk | 0314792525 | TAK | Takeo | Takeo | Agent
TAKA011,Prey Rumdeng,TAK - Takeo,Agent,In effect,TAKA011,Prey Rumdeng,TAK,Agent,TAKA011 | Prey Rumdeng | Prey Rumdeng | 0977969632 | TAK | Takeo | Takeo | Agent
TAKA012,Prey Sloek,TAK - Takeo,Agent,In effect,TAKA012,Prey Sloek,TAK,Agent,TAKA012 | Prey Sloek | Prey Sloek | 0883003500 | TAK | Takeo | Takeo | Agent
TAKA013,Phnum Den,TAK - Takeo,Agent,In effect,TAKA013,Phnum Den,TAK,Agent,TAKA013 | Phnum Den | Phnum Den | 0719966622 | TAK | Takeo | Takeo | Agent
TAKA014,Prey Phdau,TAK - Takeo,Agent,In effect,TAKA014,Prey Phdau,TAK,Agent,TAKA014 | Prey Phdau | Prey Phdau | 068565053 | TAK | Takeo | Takeo | Agent
TAKA015,Romenh 02,TAK - Takeo,Agent,In effect,TAKA015,Romenh 02,TAK,Agent,TAKA015 | Romenh 02 | Romenh 02 | 0718199971 | TAK | Takeo | Takeo | Agent
TAKA016,Angkor Borei,TAK - Takeo,Agent,In effect,TAKA016,Angkor Borei,TAK,Agent,TAKA016 | Angkor Borei | Angkor Borei | 0882456600 | TAK | Takeo | Takeo | Agent
TAKA017,Trea,TAK - Takeo,Agent,In effect,TAKA017,Trea,TAK,Agent,TAKA017 | Trea | Trea | 0973252226 | TAK | Takeo | Takeo | Agent
TAKA018,Doung Khpos,TAK - Takeo,Agent,In effect,TAKA018,Doung Khpos,TAK,Agent,TAKA018 | Doung Khpos | Doung Khpos | 0716504365 | TAK | Takeo | Takeo | Agent
TAKA019,Lumchang,TAK - Takeo,Agent,In effect,TAKA019,Lumchang,TAK,Agent,TAKA019 | Lumchang | Lumchang | 0884366010 | TAK | Takeo | Takeo | Agent
TAKA020,Prey Khla,TAK - Takeo,Agent,In effect,TAKA020,Prey Khla,TAK,Agent,TAKA020 | Prey Khla | Prey Khla | 068596596 | TAK | Takeo | Takeo | Agent
TAKA022,Kandoeng,TAK - Takeo,Agent,In effect,TAKA022,Kandoeng,TAK,Agent,TAKA022 | Kandoeng | Kandoeng | 060976777 | TAK | Takeo | Takeo | Agent
TAKA023,Rovieng,TAK - Takeo,Agent,In effect,TAKA023,Rovieng,TAK,Agent,TAKA023 | Rovieng | Rovieng | 0978900095 | TAK | Takeo | Takeo | Agent
TAKA024,Ta Ou,TAK - Takeo,Agent,In effect,TAKA024,Ta Ou,TAK,Agent,TAKA024 | Ta Ou | Ta Ou | 0889879540 | TAK | Takeo | Takeo | Agent
TAKA025,Ang Ta Saom,TAK - Takeo,Agent,In effect,TAKA025,Ang Ta Saom,TAK,Agent,TAKA025 | Ang Ta Saom | Ang Ta Saom | 0312850101 | TAK | Takeo | Takeo | Agent
TAKA026,Prey Ampok,TAK - Takeo,Agent,In effect,TAKA026,Prey Ampok,TAK,Agent,TAKA026 | Prey Ampok | Prey Ampok | 0972726725 | TAK | Takeo | Takeo | Agent
TAKA027,Preah Bat Choan Chum,TAK - Takeo,Agent,In effect,TAKA027,Preah Bat Choan Chum,TAK,Agent,TAKA027 | Preah Bat Choan Chum | Preah Bat Choan Chum | 0888831888 | TAK | Takeo | Takeo | Agent
TAKA028,Borei Chulsar,TAK - Takeo,Agent,In effect,TAKA028,Borei Chulsar,TAK,Agent,TAKA028 | Borei Chulsar | Borei Chulsar | 0717077780 | TAK | Takeo | Takeo | Agent
TAKA031,Ba Srae,TAK - Takeo,Agent,In effect,TAKA031,Ba Srae,TAK,Agent,TAKA031 | Ba Srae | Ba Srae | 0889666094 | TAK | Takeo | Takeo | Agent
TAKA032,Roka Krau,TAK - Takeo,Agent,In effect,TAKA032,Roka Krau,TAK,Agent,TAKA032 | Roka Krau | Roka Krau | 0887333393 | TAK | Takeo | Takeo | Agent
TAKA033,Prey Kabbas,TAK - Takeo,Agent,In effect,TAKA033,Prey Kabbas,TAK,Agent,TAKA033 | Prey Kabbas | Prey Kabbas | 0976304505 | TAK | Takeo | Takeo | Agent
TAKA034,Rokar Knong,TAK - Takeo,Agent,In effect,TAKA034,Rokar Knong,TAK,Agent,TAKA034 | Rokar Knong | Rokar Knong | 0979550999 | TAK | Takeo | Takeo | Agent
TAKA035,Sanlung,TAK - Takeo,Agent,In effect,TAKA035,Sanlung,TAK,Agent,TAKA035 | Sanlung | Sanlung | 0889398205 | TAK | Takeo | Takeo | Agent
TAKA036,Tnolbek,TAK - Takeo,Agent,In effect,TAKA036,Tnolbek,TAK,Agent,TAKA036 | Tnolbek | Tnolbek | 0882516699 | TAK | Takeo | Takeo | Agent
TAKA037,Dong,TAK - Takeo,Agent,In effect,TAKA037,Dong,TAK,Agent,TAKA037 | Dong | Dong | 0717201133 | TAK | Takeo | Takeo | Agent
TAKA038,Smoung,TAK - Takeo,Agent,In effect,TAKA038,Smoung,TAK,Agent,TAKA038 | Smoung | Smoung | 0882515757 | TAK | Takeo | Takeo | Agent
TAKA039,Krapum Chhuk,TAK - Takeo,Agent,In effect,TAKA039,Krapum Chhuk,TAK,Agent,TAKA039 | Krapum Chhuk | Krapum Chhuk | 0882507979 | TAK | Takeo | Takeo | Agent
TAKP001,Doun Kaev,TAK - Takeo,Post Office,In effect,TAKP001,Doun Kaev,TAK,Post Office,TAKP001 | Doun Kaev | Doun Kaev | 0885749816 | TAK | Takeo | Takeo | Post Office
TAKS001,Roka Krau,TAK - Takeo,Showroom,In effect,TAKS001,Roka Krau,TAK,Showroom,TAKS001 | Roka Krau | Roka Krau | 0974344448 | TAK | Takeo | Takeo | Showroom
TAKS002,Ang Ta Saom,TAK - Takeo,Showroom,In effect,TAKS002,Ang Ta Saom,TAK,Showroom,TAKS002 | Ang Ta Saom | Ang Ta Saom | 066258525 | TAK | Takeo | Takeo | Showroom
TAKS003,Trapeang Sab,TAK - Takeo,Showroom,In effect,TAKS003,Trapeang Sab,TAK,Showroom,TAKS003 | Trapeang Sab | Trapeang Sab | 0888141743 | TAK | Takeo | Takeo | Showroom
TAKS004,Preah Bat Choan Chum,TAK - Takeo,Showroom,In effect,TAKS004,Preah Bat Choan Chum,TAK,Showroom,TAKS004 | Preah Bat Choan Chum | Preah Bat Choan Chum | 0973228886 | TAK | Takeo | Takeo | Showroom
TBKA001,Peus Mouy,TBK - Tboung Khmum,Agent,In effect,TBKA001,Peus Mouy,TBK,Agent,TBKA001 | Peus Mouy | Peus Mouy | 068737348 | TBK | Tboung Khmum | Tboung Khmum | Agent
TBKA002,Tramung,TBK - Tboung Khmum,Agent,In effect,TBKA002,Tramung,TBK,Agent,TBKA002 | Tramung | Tramung | 0885963596 | TBK | Tboung Khmum | Tboung Khmum | Agent
TBKA003,Rokarpo Pram,TBK - Tboung Khmum,Agent,In effect,TBKA003,Rokarpo Pram,TBK,Agent,TBKA003 | Rokarpo Pram | Rokarpo Pram | 0973144459 | TBK | Tboung Khmum | Tboung Khmum | Agent
TBKA004,Choam Kravien,TBK - Tboung Khmum,Agent,In effect,TBKA004,Choam Kravien,TBK,Agent,TBKA004 | Choam Kravien | Choam Kravien | 0712266338 | TBK | Tboung Khmum | Tboung Khmum | Agent
TBKA005,Dar,TBK - Tboung Khmum,Agent,In effect,TBKA005,Dar,TBK,Agent,TBKA005 | Dar | Dar | 060744744 | TBK | Tboung Khmum | Tboung Khmum | Agent
TBKA006,Rumchek,TBK - Tboung Khmum,Agent,In effect,TBKA006,Rumchek,TBK,Agent,TBKA006 | Rumchek | Rumchek | 0977161141 | TBK | Tboung Khmum | Tboung Khmum | Agent
TBKA008,Kaong Kang,TBK - Tboung Khmum,Agent,In effect,TBKA008,Kaong Kang,TBK,Agent,TBKA008 | Kaong Kang | Kaong Kang | 0888574737 | TBK | Tboung Khmum | Tboung Khmum | Agent
TBKA009,Trapeang Phlong,TBK - Tboung Khmum,Agent,In effect,TBKA009,Trapeang Phlong,TBK,Agent,TBKA009 | Trapeang Phlong | Trapeang Phlong | 0884540504 | TBK | Tboung Khmum | Tboung Khmum | Agent
TBKA010,Dambae,TBK - Tboung Khmum,Agent,In effect,TBKA010,Dambae,TBK,Agent,TBKA010 | Dambae | Dambae | 0715000544 | TBK | Tboung Khmum | Tboung Khmum | Agent
TBKA011,Chong Cheach,TBK - Tboung Khmum,Agent,In effect,TBKA011,Chong Cheach,TBK,Agent,TBKA011 | Chong Cheach | Chong Cheach | 0975645656 | TBK | Tboung Khmum | Tboung Khmum | Agent
TBKA012,Chhuk,TBK - Tboung Khmum,Agent,In effect,TBKA012,Chhuk,TBK,Agent,TBKA012 | Chhuk | Chhuk | 0713223344 | TBK | Tboung Khmum | Tboung Khmum | Agent
TBKA013,Chumnik,TBK - Tboung Khmum,Agent,In effect,TBKA013,Chumnik,TBK,Agent,TBKA013 | Chumnik | Chumnik | 0979840645 | TBK | Tboung Khmum | Tboung Khmum | Agent
TBKA014,Trea,TBK - Tboung Khmum,Agent,In effect,TBKA014,Trea,TBK,Agent,TBKA014 | Trea | Trea | 0887088800 | TBK | Tboung Khmum | Tboung Khmum | Agent
TBKA015,Chak,TBK - Tboung Khmum,Agent,In effect,TBKA015,Chak,TBK,Agent,TBKA015 | Chak | Chak | 0887233382 | TBK | Tboung Khmum | Tboung Khmum | Agent
TBKA016,Kraek,TBK - Tboung Khmum,Agent,In effect,TBKA016,Kraek,TBK,Agent,TBKA016 | Kraek | Kraek | 0978885861 | TBK | Tboung Khmum | Tboung Khmum | Agent
TBKA017,Kor 01,TBK - Tboung Khmum,Agent,In effect,TBKA017,Kor 01,TBK,Agent,TBKA017 | Kor 01 | Kor 01 | 0976451168 | TBK | Tboung Khmum | Tboung Khmum | Agent
TBKA018,Choam Ta Mau,TBK - Tboung Khmum,Agent,In effect,TBKA018,Choam Ta Mau,TBK,Agent,TBKA018 | Choam Ta Mau | Choam Ta Mau | 0886768706 | TBK | Tboung Khmum | Tboung Khmum | Agent
TBKA019,Chob,TBK - Tboung Khmum,Agent,In effect,TBKA019,Chob,TBK,Agent,TBKA019 | Chob | Chob | 0979696886 | TBK | Tboung Khmum | Tboung Khmum | Agent
TBKA020,Peam Chileang,TBK - Tboung Khmum,Agent,In effect,TBKA020,Peam Chileang,TBK,Agent,TBKA020 | Peam Chileang | Peam Chileang | 0974912222 | TBK | Tboung Khmum | Tboung Khmum | Agent
TBKA021,Sralab,TBK - Tboung Khmum,Agent,In effect,TBKA021,Sralab,TBK,Agent,TBKA021 | Sralab | Sralab | 0972588168 | TBK | Tboung Khmum | Tboung Khmum | Agent
TBKA022,Kor 02,TBK - Tboung Khmum,Agent,In effect,TBKA022,Kor 02,TBK,Agent,TBKA022 | Kor 02 | Kor 02 | 0978785059 | TBK | Tboung Khmum | Tboung Khmum | Agent
TBKP001,Suong,TBK - Tboung Khmum,Post Office,In effect,TBKP001,Suong,TBK,Post Office,TBKP001 | Suong | Suong | 0319777797 | TBK | Tboung Khmum | Tboung Khmum | Post Office
TBKS001,Suong,TBK - Tboung Khmum,Showroom,In effect,TBKS001,Suong,TBK,Showroom,TBKS001 | Suong | Suong | 0882489696 | TBK | Tboung Khmum | Tboung Khmum | Showroom
TBKS002,Kraek,TBK - Tboung Khmum,Showroom,In effect,TBKS002,Kraek,TBK,Showroom,TBKS002 | Kraek | Kraek | 0719400049 | TBK | Tboung Khmum | Tboung Khmum | Showroom
TBKS003,Memut,TBK - Tboung Khmum,Showroom,In effect,TBKS003,Memut,TBK,Showroom,TBKS003 | Memut | Memut | 0885358862 | TBK | Tboung Khmum | Tboung Khmum | Showroom
TBKS004,Ampil Ta Pok,TBK - Tboung Khmum,Showroom,In effect,TBKS004,Ampil Ta Pok,TBK,Showroom,TBKS004 | Ampil Ta Pok | Ampil Ta Pok | 0714443292 | TBK | Tboung Khmum | Tboung Khmum | Showroom
THOA001,Srayouv,THO - Kampong Thom,Agent,In effect,THOA001,Srayouv,THO,Agent,THOA001 | Srayouv | Srayouv | 0975921168 | THO | Kampong Thom | Kampong Thom | Agent
THOA002,Sou Young,THO - Kampong Thom,Agent,In effect,THOA002,Sou Young,THO,Agent,THOA002 | Sou Young | Sou Young | 0979678777 | THO | Kampong Thom | Kampong Thom | Agent
THOA003,Triel,THO - Kampong Thom,Agent,In effect,THOA003,Triel,THO,Agent,THOA003 | Triel | Triel | 0889900252 | THO | Kampong Thom | Kampong Thom | Agent
THOA004,Baray,THO - Kampong Thom,Agent,In effect,THOA004,Baray,THO,Agent,THOA004 | Baray | Baray | 090235666 | THO | Kampong Thom | Kampong Thom | Agent
THOA005,Bak Sna,THO - Kampong Thom,Agent,In effect,THOA005,Bak Sna,THO,Agent,THOA005 | Bak Sna | Bak Sna | 0977557199 | THO | Kampong Thom | Kampong Thom | Agent
THOA006,Tbaeng,THO - Kampong Thom,Agent,In effect,THOA006,Tbaeng,THO,Agent,THOA006 | Tbaeng | Tbaeng | 066612813 | THO | Kampong Thom | Kampong Thom | Agent
THOA007,Tang Krasang,THO - Kampong Thom,Agent,In effect,THOA007,Tang Krasang,THO,Agent,THOA007 | Tang Krasang | Tang Krasang | 090834810 | THO | Kampong Thom | Kampong Thom | Agent
THOA008,San Ko,THO - Kampong Thom,Agent,In effect,THOA008,San Ko,THO,Agent,THOA008 | San Ko | San Ko | 0975120190 | THO | Kampong Thom | Kampong Thom | Agent
THOA009,Tum Ring,THO - Kampong Thom,Agent,In effect,THOA009,Tum Ring,THO,Agent,THOA009 | Tum Ring | Tum Ring | 066687713 | THO | Kampong Thom | Kampong Thom | Agent
THOA010,Kraya,THO - Kampong Thom,Agent,In effect,THOA010,Kraya,THO,Agent,THOA010 | Kraya | Kraya | 0883588806 | THO | Kampong Thom | Kampong Thom | Agent
THOA011,Sala Visai,THO - Kampong Thom,Agent,In effect,THOA011,Sala Visai,THO,Agent,THOA011 | Sala Visai | Sala Visai | 068848840 | THO | Kampong Thom | Kampong Thom | Agent
THOA012,Steung Sean,THO - Kampong Thom,Agent,In effect,THOA012,Steung Sean,THO,Agent,THOA012 | Steung Sean | Steung Sean | 0717687666 | THO | Kampong Thom | Kampong Thom | Agent
THOA013,Chhuk,THO - Kampong Thom,Agent,In effect,THOA013,Chhuk,THO,Agent,THOA013 | Chhuk | Chhuk | 0979197468 | THO | Kampong Thom | Kampong Thom | Agent
THOA014,Krava,THO - Kampong Thom,Agent,In effect,THOA014,Krava,THO,Agent,THOA014 | Krava | Krava | 0972163303 | THO | Kampong Thom | Kampong Thom | Agent
THOA015,Kampong Chen Tboung,THO - Kampong Thom,Agent,In effect,THOA015,Kampong Chen Tboung,THO,Agent,THOA015 | Kampong Chen Tboung | Kampong Chen Tboung | 0977008490 | THO | Kampong Thom | Kampong Thom | Agent
THOA016,Chamna Kraom,THO - Kampong Thom,Agent,In effect,THOA016,Chamna Kraom,THO,Agent,THOA016 | Chamna Kraom | Chamna Kraom | 0885709168 | THO | Kampong Thom | Kampong Thom | Agent
THOA017,Steung Sean,THO - Kampong Thom,Agent,In effect,THOA017,Steung Sean,THO,Agent,THOA017 | Steung Sean | Steung Sean | 0977537606 | THO | Kampong Thom | Kampong Thom | Agent
THOA018,Steung Sean,THO - Kampong Thom,Agent,In effect,THOA018,Steung Sean,THO,Agent,THOA018 | Steung Sean | Steung Sean | 0313756464 | THO | Kampong Thom | Kampong Thom | Agent
THOP001,Stueng Saen,THO - Kampong Thom,Post Office,In effect,THOP001,Stueng Saen,THO,Post Office,THOP001 | Stueng Saen | Stueng Saen | 0882133448 | THO | Kampong Thom | Kampong Thom | Post Office
THOP018,Steung Sean,THO - Kampong Thom,Post Office,Out of effect,THOP018,Steung Sean,THO,Post Office,THOP018 | Steung Sean | Steung Sean | 0313756464 | THO | Kampong Thom | Kampong Thom | Post Office
THOS001,Prey Ta Hu,THO - Kampong Thom,Showroom,In effect,THOS001,Prey Ta Hu,THO,Showroom,THOS001 | Prey Ta Hu | Prey Ta Hu | 0976327489 | THO | Kampong Thom | Kampong Thom | Showroom
THOS002,Ballang,THO - Kampong Thom,Showroom,In effect,THOS002,Ballang,THO,Showroom,THOS002 | Ballang | Ballang | 090853838 | THO | Kampong Thom | Kampong Thom | Showroom
THOS003,Kampong Chen Cheung,THO - Kampong Thom,Showroom,In effect,THOS003,Kampong Chen Cheung,THO,Showroom,THOS003 | Kampong Chen Cheung | Kampong Chen Cheung | 0978280025 | THO | Kampong Thom | Kampong Thom | Showroom
THOS004,Sandan,THO - Kampong Thom,Showroom,In effect,THOS004,Sandan,THO,Showroom,THOS004 | Sandan | Sandan | 068334448 | THO | Kampong Thom | Kampong Thom | Showroom
BCTEST,BC Thử nghiệm 5 BAN TTCNTT,TTCNVTP - Trung tâm Công nghệ - VTP - test,Post Office,Out of effect,BCTEST,BC Thử nghiệm 5 BAN TTCNTT,TTCNVTP,Post Office,BCTEST | BC Thử nghiệm 5 BAN TTCNTT | BC Thử nghiệm 5 BAN TTCNTT | TTCNVTP | Trung tâm Công nghệ - VTP - test | Trung tâm Công nghệ - VTP - test | Post Office
BCTEST06,BC thử nghiệm 06,TTCNVTP - Trung tâm Công nghệ - VTP - test,Post Office,Out of effect,BCTEST06,BC thử nghiệm 06,TTCNVTP,Post Office,BCTEST06 | BC thử nghiệm 06 | BC thử nghiệm 06 | TTCNVTP | Trung tâm Công nghệ - VTP - test | Trung tâm Công nghệ - VTP - test | Post Office
CAMGL,Kho vùng Thử nghiệm,TTCNVTP - Trung tâm Công nghệ - VTP - test,Warehouse / Hub,Out of effect,CAMGL,Kho vùng Thử nghiệm,TTCNVTP,Warehouse / Hub,CAMGL | Kho vùng Thử nghiệm | Kho vùng Thử nghiệm | TTCNVTP | Trung tâm Công nghệ - VTP - test | Trung tâm Công nghệ - VTP - test | Warehouse / Hub
CAMGL1,Thử nghiệm 1 BAN,TTCNVTP - Trung tâm Công nghệ - VTP - test,Agent,Out of effect,CAMGL1,Thử nghiệm 1 BAN,TTCNVTP,Agent,CAMGL1 | Thử nghiệm 1 BAN | Thử nghiệm 1 BAN | TTCNVTP | Trung tâm Công nghệ - VTP - test | Trung tâm Công nghệ - VTP - test | Agent
CAMGL2,Thử nghiệm 2,TTCNVTP - Trung tâm Công nghệ - VTP - test,Agent,Out of effect,CAMGL2,Thử nghiệm 2,TTCNVTP,Agent,CAMGL2 | Thử nghiệm 2 | Thử nghiệm 2 | TTCNVTP | Trung tâm Công nghệ - VTP - test | Trung tâm Công nghệ - VTP - test | Agent
DVCT,DVCT TEST,TTCNVTP - Trung tâm Công nghệ - VTP - test,Post Office,In effect,DVCT,DVCT TEST,TTCNVTP,Post Office,DVCT | DVCT TEST | DVCT TEST | TTCNVTP | Trung tâm Công nghệ - VTP - test | Trung tâm Công nghệ - VTP - test | Post Office
GLOBAL0,Test PNP,TTCNVTP - Trung tâm Công nghệ - VTP - test,Post Office,In effect,GLOBAL0,Test PNP,TTCNVTP,Post Office,GLOBAL0 | Test PNP | Test PNP | TTCNVTP | Trung tâm Công nghệ - VTP - test | Trung tâm Công nghệ - VTP - test | Post Office
GLOBAL2,Test BAT,TTCNVTP - Trung tâm Công nghệ - VTP - test,Warehouse / Hub,In effect,GLOBAL2,Test BAT,TTCNVTP,Warehouse / Hub,GLOBAL2 | Test BAT | Test BAT | 0712665666 | TTCNVTP | Trung tâm Công nghệ - VTP - test | Trung tâm Công nghệ - VTP - test | Warehouse / Hub
GLOBAL3,GLOBAL test,TTCNVTP - Trung tâm Công nghệ - VTP - test,Post Office,In effect,GLOBAL3,GLOBAL test,TTCNVTP,Post Office,GLOBAL3 | GLOBAL test | GLOBAL test | 0963258555 | TTCNVTP | Trung tâm Công nghệ - VTP - test | Trung tâm Công nghệ - VTP - test | Post Office
GLOBAL4,Test BAN,TTCNVTP - Trung tâm Công nghệ - VTP - test,Post Office,In effect,GLOBAL4,Test BAN,TTCNVTP,Post Office,GLOBAL4 | Test BAN | Test BAN | 09874564563 | TTCNVTP | Trung tâm Công nghệ - VTP - test | Trung tâm Công nghệ - VTP - test | Post Office
GLOBAL5,Test BAT,TTCNVTP - Trung tâm Công nghệ - VTP - test,Warehouse / Hub,In effect,GLOBAL5,Test BAT,TTCNVTP,Warehouse / Hub,GLOBAL5 | Test BAT | Test BAT | TTCNVTP | Trung tâm Công nghệ - VTP - test | Trung tâm Công nghệ - VTP - test | Warehouse / Hub
GLOBAL6,Test Agent PNP,TTCNVTP - Trung tâm Công nghệ - VTP - test,Agent,In effect,GLOBAL6,Test Agent PNP,TTCNVTP,Agent,GLOBAL6 | Test Agent PNP | Test Agent PNP | TTCNVTP | Trung tâm Công nghệ - VTP - test | Trung tâm Công nghệ - VTP - test | Agent
GLOBAL7,Test Agent BAT,TTCNVTP - Trung tâm Công nghệ - VTP - test,Agent,In effect,GLOBAL7,Test Agent BAT,TTCNVTP,Agent,GLOBAL7 | Test Agent BAT | Test Agent BAT | TTCNVTP | Trung tâm Công nghệ - VTP - test | Trung tâm Công nghệ - VTP - test | Agent
GLOBAL8,BC test GLOBAL8,TTCNVTP - Trung tâm Công nghệ - VTP - test,Post Office,Out of effect,GLOBAL8,BC test GLOBAL8,TTCNVTP,Post Office,GLOBAL8 | BC test GLOBAL8 | BC test GLOBAL8 | TTCNVTP | Trung tâm Công nghệ - VTP - test | Trung tâm Công nghệ - VTP - test | Post Office
KVBAN,Kho vùng BAN,TTCNVTP - Trung tâm Công nghệ - VTP - test,Warehouse / Hub,Out of effect,KVBAN,Kho vùng BAN,TTCNVTP,Warehouse / Hub,KVBAN | Kho vùng BAN | Kho vùng BAN | TTCNVTP | Trung tâm Công nghệ - VTP - test | Trung tâm Công nghệ - VTP - test | Warehouse / Hub
KVPNP,Kho vùng PNP,TTCNVTP - Trung tâm Công nghệ - VTP - test,Warehouse / Hub,Out of effect,KVPNP,Kho vùng PNP,TTCNVTP,Warehouse / Hub,KVPNP | Kho vùng PNP | Kho vùng PNP | 0123466789 | TTCNVTP | Trung tâm Công nghệ - VTP - test | Trung tâm Công nghệ - VTP - test | Warehouse / Hub
PNPTTSST,PNP TEST,TTCNVTP - Trung tâm Công nghệ - VTP - test,Post Office,Out of effect,PNPTTSST,PNP TEST,TTCNVTP,Post Office,PNPTTSST | PNP TEST | PNP TEST | TTCNVTP | Trung tâm Công nghệ - VTP - test | Trung tâm Công nghệ - VTP - test | Post Office
MFET001,GLOBAL Metfone Express Test 01,ZT01 - Metfone Express Test,Post Office,In effect,MFET001,GLOBAL Metfone Express Test 01,ZT01,Post Office,MFET001 | GLOBAL Metfone Express Test 01 | GLOBAL Metfone Express Test 01 | ZT01 | Metfone Express Test | Metfone Express Test | Post Office
MFET002,GLOBAL  Metfone Express Test 02,ZT01 - Metfone Express Test,Post Office,In effect,MFET002,GLOBAL  Metfone Express Test 02,ZT01,Post Office,MFET002 | GLOBAL  Metfone Express Test 02 | GLOBAL  Metfone Express Test 02 | ZT01 | Metfone Express Test | Metfone Express Test | Post Office
