Pickup Branch,Commune EN,Commune Khmer,Phone,Branch Code,Branch EN,Branch Khmer,Type,Status,Search Text
BANA001,Chamnaom,Chamnaom,0716111197,BAN,Banteay Meanchey,Banteay Meanchey,Authorized Dealer/ Authorized Agent,In effect,BANA001 | Chamnaom | Chamnaom | 0716111197 | BAN | Banteay Meanchey | Banteay Meanchey
BANA002,Paoy Paet,Paoy Paet,068664966,BAN,Banteay Meanchey,Banteay Meanchey,Authorized Dealer/ Authorized Agent,In effect,BANA002 | Paoy Paet | Paoy Paet | 068664966 | BAN | Banteay Meanchey | Banteay Meanchey
BANA003,Preah Punlea,Preah Punlea,0884844416,BAN,Banteay Meanchey,Banteay Meanchey,Authorized Dealer/ Authorized Agent,In effect,BANA003 | Preah Punlea | Preah Punlea | 0884844416 | BAN | Banteay Meanchey | Banteay Meanchey
BANA004,Sen Sreynak,Sen Sreynak,0882344488,BAN,Banteay Meanchey,Banteay Meanchey,Authorized Dealer/ Authorized Agent,In effect,BANA004 | Sen Sreynak | Sen Sreynak | 0882344488 | BAN | Banteay Meanchey | Banteay Meanchey
BANA005,Ou Ruessei,Ou Ruessei,0977842760,BAN,Banteay Meanchey,Banteay Meanchey,Authorized Dealer/ Authorized Agent,In effect,BANA005 | Ou Ruessei | Ou Ruessei | 0977842760 | BAN | Banteay Meanchey | Banteay Meanchey
BANA006,Roluos,Roluos,067253334,BAN,Banteay Meanchey,Banteay Meanchey,Authorized Dealer/ Authorized Agent,In effect,BANA006 | Roluos | Roluos | 067253334 | BAN | Banteay Meanchey | Banteay Meanchey
BANA007,Seng - Sovannary,Seng - Sovannary,0973991168,BAN,Banteay Meanchey,Banteay Meanchey,Authorized Dealer/ Authorized Agent,In effect,BANA007 | Seng - Sovannary | Seng - Sovannary | 0973991168 | BAN | Banteay Meanchey | Banteay Meanchey
BANA008,Paoy Char,Paoy Char,,BAN,Banteay Meanchey,Banteay Meanchey,Authorized Dealer/ Authorized Agent,In effect,BANA008 | Paoy Char | Paoy Char | BAN | Banteay Meanchey | Banteay Meanchey
BANA009,Chub Vari,Chub Vari,0717333545,BAN,Banteay Meanchey,Banteay Meanchey,Authorized Dealer/ Authorized Agent,In effect,BANA009 | Chub Vari | Chub Vari | 0717333545 | BAN | Banteay Meanchey | Banteay Meanchey
BANA010,Banteay Chhmar,Banteay Chhmar,0976111877,BAN,Banteay Meanchey,Banteay Meanchey,Authorized Dealer/ Authorized Agent,In effect,BANA010 | Banteay Chhmar | Banteay Chhmar | 0976111877 | BAN | Banteay Meanchey | Banteay Meanchey
BANA011,Kampong Svay,Kampong Svay,066824778,BAN,Banteay Meanchey,Banteay Meanchey,Authorized Dealer/ Authorized Agent,In effect,BANA011 | Kampong Svay | Kampong Svay | 066824778 | BAN | Banteay Meanchey | Banteay Meanchey
BANA012,Malai,Malai,0313339007,BAN,Banteay Meanchey,Banteay Meanchey,Authorized Dealer/ Authorized Agent,In effect,BANA012 | Malai | Malai | 0313339007 | BAN | Banteay Meanchey | Banteay Meanchey
BANA013,Thma Puok,Thma Puok,0974331131,BAN,Banteay Meanchey,Banteay Meanchey,Authorized Dealer/ Authorized Agent,In effect,BANA013 | Thma Puok | Thma Puok | 0974331131 | BAN | Banteay Meanchey | Banteay Meanchey
BANA014,Koub,Koub,0973037787,BAN,Banteay Meanchey,Banteay Meanchey,Authorized Dealer/ Authorized Agent,In effect,BANA014 | Koub | Koub | 0973037787 | BAN | Banteay Meanchey | Banteay Meanchey
BANA015,Changha,Changha,068982047,BAN,Banteay Meanchey,Banteay Meanchey,Authorized Dealer/ Authorized Agent,In effect,BANA015 | Changha | Changha | 068982047 | BAN | Banteay Meanchey | Banteay Meanchey
BANA016,Phnum Lieb,Phnum Lieb,0885960140,BAN,Banteay Meanchey,Banteay Meanchey,Authorized Dealer/ Authorized Agent,In effect,BANA016 | Phnum Lieb | Phnum Lieb | 0885960140 | BAN | Banteay Meanchey | Banteay Meanchey
BANA017,Punley,Punley,0975662211,BAN,Banteay Meanchey,Banteay Meanchey,Authorized Dealer/ Authorized Agent,In effect,BANA017 | Punley | Punley | 0975662211 | BAN | Banteay Meanchey | Banteay Meanchey
BANA018,Sla Kram,Sla Kram,0972078889,BAN,Banteay Meanchey,Banteay Meanchey,Authorized Dealer/ Authorized Agent,In effect,BANA018 | Sla Kram | Sla Kram | 0972078889 | BAN | Banteay Meanchey | Banteay Meanchey
BANA020,Banteay Neang,Banteay Neang,067895868,BAN,Banteay Meanchey,Banteay Meanchey,Authorized Dealer/ Authorized Agent,In effect,BANA020 | Banteay Neang | Banteay Neang | 067895868 | BAN | Banteay Meanchey | Banteay Meanchey
BANP001,Serei Saophoan,Serei Saophoan,0316000285,BAN,Banteay Meanchey,Banteay Meanchey,Post office,In effect,BANP001 | Serei Saophoan | Serei Saophoan | 0316000285 | BAN | Banteay Meanchey | Banteay Meanchey
BANS001,Ou Ambel,Ou Ambel,,BAN,Banteay Meanchey,Banteay Meanchey,Post office,In effect,BANS001 | Ou Ambel | Ou Ambel | BAN | Banteay Meanchey | Banteay Meanchey
BANS002,Paoy Paet,Paoy Paet,,BAN,Banteay Meanchey,Banteay Meanchey,Post office,In effect,BANS002 | Paoy Paet | Paoy Paet | BAN | Banteay Meanchey | Banteay Meanchey
BANS003,Thma Puok,Thma Puok,,BAN,Banteay Meanchey,Banteay Meanchey,Post office,In effect,BANS003 | Thma Puok | Thma Puok | BAN | Banteay Meanchey | Banteay Meanchey
BANS004,Srah Chik,Srah Chik,,BAN,Banteay Meanchey,Banteay Meanchey,Post office,In effect,BANS004 | Srah Chik | Srah Chik | BAN | Banteay Meanchey | Banteay Meanchey
BATA001,Chomkar Somraong,Chomkar Somraong,092281838,BAT,Battambang,Battambang,Authorized Dealer/ Authorized Agent,In effect,BATA001 | Chomkar Somraong | Chomkar Somraong | 092281838 | BAT | Battambang | Battambang
BATA002,Kampong Prieng,Kampong Prieng,0313804400,BAT,Battambang,Battambang,Authorized Dealer/ Authorized Agent,In effect,BATA002 | Kampong Prieng | Kampong Prieng | 0313804400 | BAT | Battambang | Battambang
BATA003,Phnum Sampov,Phnum Sampov,0975055550,BAT,Battambang,Battambang,Authorized Dealer/ Authorized Agent,In effect,BATA003 | Phnum Sampov | Phnum Sampov | 0975055550 | BAT | Battambang | Battambang
BATA004,Vaot Ta Muem 01,Vaot Ta Muem 01,0889678999,BAT,Battambang,Battambang,Authorized Dealer/ Authorized Agent,In effect,BATA004 | Vaot Ta Muem 01 | Vaot Ta Muem 01 | 0889678999 | BAT | Battambang | Battambang
BATA005,Toul Ta EK,Toul Ta EK,0889977774,BAT,Battambang,Battambang,Authorized Dealer/ Authorized Agent,In effect,BATA005 | Toul Ta EK | Toul Ta EK | 0889977774 | BAT | Battambang | Battambang
BATA006,Moung,Moung,0976083766,BAT,Battambang,Battambang,Authorized Dealer/ Authorized Agent,In effect,BATA006 | Moung | Moung | 0976083766 | BAT | Battambang | Battambang
BATA007,Snoeng,Snoeng,0888876795,BAT,Battambang,Battambang,Authorized Dealer/ Authorized Agent,In effect,BATA007 | Snoeng | Snoeng | 0888876795 | BAT | Battambang | Battambang
BATA008,Vaot Ta Muem 02,Vaot Ta Muem 02,0712700200,BAT,Battambang,Battambang,Authorized Dealer/ Authorized Agent,In effect,BATA008 | Vaot Ta Muem 02 | Vaot Ta Muem 02 | 0712700200 | BAT | Battambang | Battambang
BATA010,Santepheap,Santepheap,0719596977,BAT,Battambang,Battambang,Authorized Dealer/ Authorized Agent,In effect,BATA010 | Santepheap | Santepheap | 0719596977 | BAT | Battambang | Battambang
BATA011,Boeng Reang,Boeng Reang,067843333,BAT,Battambang,Battambang,Authorized Dealer/ Authorized Agent,In effect,BATA011 | Boeng Reang | Boeng Reang | 067843333 | BAT | Battambang | Battambang
BATA012,Bour,Bour,0884477766,BAT,Battambang,Battambang,Authorized Dealer/ Authorized Agent,In effect,BATA012 | Bour | Bour | 0884477766 | BAT | Battambang | Battambang
BATA013,Pech Chenda 01,Pech Chenda 01,0977878161,BAT,Battambang,Battambang,Authorized Dealer/ Authorized Agent,In effect,BATA013 | Pech Chenda 01 | Pech Chenda 01 | 0977878161 | BAT | Battambang | Battambang
BATA014,Pech Chenda 02,Pech Chenda 02,0977777893,BAT,Battambang,Battambang,Authorized Dealer/ Authorized Agent,In effect,BATA014 | Pech Chenda 02 | Pech Chenda 02 | 0977777893 | BAT | Battambang | Battambang
BATA015,Sdok Pravoek,Sdok Pravoek,0716709006,BAT,Battambang,Battambang,Authorized Dealer/ Authorized Agent,In effect,BATA015 | Sdok Pravoek | Sdok Pravoek | 0716709006 | BAT | Battambang | Battambang
BATA016,Ta Kream,Ta Kream,0717111122,BAT,Battambang,Battambang,Authorized Dealer/ Authorized Agent,In effect,BATA016 | Ta Kream | Ta Kream | 0717111122 | BAT | Battambang | Battambang
BATA017,Ta Sanh,Ta Sanh,0714776666,BAT,Battambang,Battambang,Authorized Dealer/ Authorized Agent,In effect,BATA017 | Ta Sanh | Ta Sanh | 0714776666 | BAT | Battambang | Battambang
BATA018,Kampong Lpov,Kampong Lpov,066811551,BAT,Battambang,Battambang,Authorized Dealer/ Authorized Agent,In effect,BATA018 | Kampong Lpov | Kampong Lpov | 066811551 | BAT | Battambang | Battambang
BATA019,Traeng,Traeng,0714263333,BAT,Battambang,Battambang,Authorized Dealer/ Authorized Agent,In effect,BATA019 | Traeng | Traeng | 0714263333 | BAT | Battambang | Battambang
BATA021,Preaek Chik,Preaek Chik,0719462246,BAT,Battambang,Battambang,Authorized Dealer/ Authorized Agent,In effect,BATA021 | Preaek Chik | Preaek Chik | 0719462246 | BAT | Battambang | Battambang
BATA022,Bavel,Bavel,060244232,BAT,Battambang,Battambang,Authorized Dealer/ Authorized Agent,In effect,BATA022 | Bavel | Bavel | 060244232 | BAT | Battambang | Battambang
BATA023,Chrey,Chrey,068444789,BAT,Battambang,Battambang,Authorized Dealer/ Authorized Agent,In effect,BATA023 | Chrey | Chrey | 068444789 | BAT | Battambang | Battambang
BATA024,Boeng Pring,Boeng Pring,0719066617,BAT,Battambang,Battambang,Authorized Dealer/ Authorized Agent,In effect,BATA024 | Boeng Pring | Boeng Pring | 0719066617 | BAT | Battambang | Battambang
BATA025,Ta Pung,Ta Pung,066864423,BAT,Battambang,Battambang,Authorized Dealer/ Authorized Agent,In effect,BATA025 | Ta Pung | Ta Pung | 066864423 | BAT | Battambang | Battambang
BATA026,Svay Por,Svay Por,0886888897,BAT,Battambang,Battambang,Authorized Dealer/ Authorized Agent,In effect,BATA026 | Svay Por | Svay Por | 0886888897 | BAT | Battambang | Battambang
BATA027,Ou Ta Ki,Ou Ta Ki,0318424242,BAT,Battambang,Battambang,Authorized Dealer/ Authorized Agent,In effect,BATA027 | Ou Ta Ki | Ou Ta Ki | 0318424242 | BAT | Battambang | Battambang
BATA028,Ta Sda,Ta Sda,0314157888,BAT,Battambang,Battambang,Authorized Dealer/ Authorized Agent,In effect,BATA028 | Ta Sda | Ta Sda | 0314157888 | BAT | Battambang | Battambang
BATA029,Thipakdei,Thipakdei,0979928802,BAT,Battambang,Battambang,Authorized Dealer/ Authorized Agent,In effect,BATA029 | Thipakdei | Thipakdei | 0979928802 | BAT | Battambang | Battambang
BATA030,Prey Svay,Prey Svay,0319992324,BAT,Battambang,Battambang,Authorized Dealer/ Authorized Agent,In effect,BATA030 | Prey Svay | Prey Svay | 0319992324 | BAT | Battambang | Battambang
BATA032,Sdau,Sdau,0886384445,BAT,Battambang,Battambang,Authorized Dealer/ Authorized Agent,In effect,BATA032 | Sdau | Sdau | 0886384445 | BAT | Battambang | Battambang
BATA033,Ampil Pram Daeum,Ampil Pram Daeum,0886666033,BAT,Battambang,Battambang,Authorized Dealer/ Authorized Agent,In effect,BATA033 | Ampil Pram Daeum | Ampil Pram Daeum | 0886666033 | BAT | Battambang | Battambang
BATA034,Ou Char,Ou Char,090471804,BAT,Battambang,Battambang,Authorized Dealer/ Authorized Agent,In effect,BATA034 | Ou Char | Ou Char | 090471804 | BAT | Battambang | Battambang
BATA035,Anlung Vil,Anlung Vil,0718525353,BAT,Battambang,Battambang,Authorized Dealer/ Authorized Agent,In effect,BATA035 | Anlung Vil | Anlung Vil | 0718525353 | BAT | Battambang | Battambang
BATA036,Vaot Ta Muem,Vaot Ta Muem,0889595557,BAT,Battambang,Battambang,Authorized Dealer/ Authorized Agent,In effect,BATA036 | Vaot Ta Muem | Vaot Ta Muem | 0889595557 | BAT | Battambang | Battambang
BATA037,Peam Aek,Peam Aek,0973366686,BAT,Battambang,Battambang,Authorized Dealer/ Authorized Agent,In effect,BATA037 | Peam Aek | Peam Aek | 0973366686 | BAT | Battambang | Battambang
BATA038,Prey Khpos,Prey Khpos,0979676228,BAT,Battambang,Battambang,Authorized Dealer/ Authorized Agent,In effect,BATA038 | Prey Khpos | Prey Khpos | 0979676228 | BAT | Battambang | Battambang
BATA039,Mukh Rea,Mukh Rea,0979655007,BAT,Battambang,Battambang,Authorized Dealer/ Authorized Agent,In effect,BATA039 | Mukh Rea | Mukh Rea | 0979655007 | BAT | Battambang | Battambang
BATA040,Thorn Sovannithida,Thorn Sovannithida,0977705535,BAT,Battambang,Battambang,Authorized Dealer/ Authorized Agent,In effect,BATA040 | Thorn Sovannithida | Thorn Sovannithida | 0977705535 | BAT | Battambang | Battambang
BATP001,Battambang,Battambang,0972277127,BAT,Battambang,Battambang,Post office,In effect,BATP001 | Battambang | Battambang | 0972277127 | BAT | Battambang | Battambang
BATS001,Tuol Ta Ek,Tuol Ta Ek,,BAT,Battambang,Battambang,Post office,In effect,BATS001 | Tuol Ta Ek | Tuol Ta Ek | BAT | Battambang | Battambang
BATS002,Ta Pung,Ta Pung,,BAT,Battambang,Battambang,Post office,In effect,BATS002 | Ta Pung | Ta Pung | BAT | Battambang | Battambang
BATS003,Boeng Reang,Boeng Reang,,BAT,Battambang,Battambang,Post office,In effect,BATS003 | Boeng Reang | Boeng Reang | BAT | Battambang | Battambang
BATS004,Santepheap,Santepheap,,BAT,Battambang,Battambang,Post office,In effect,BATS004 | Santepheap | Santepheap | BAT | Battambang | Battambang
BATS005,Sdau,Sdau,,BAT,Battambang,Battambang,Post office,In effect,BATS005 | Sdau | Sdau | BAT | Battambang | Battambang
BATS006,Bavel,Bavel,,BAT,Battambang,Battambang,Post office,In effect,BATS006 | Bavel | Bavel | BAT | Battambang | Battambang
BATS007,Moung,Moung,,BAT,Battambang,Battambang,Post office,In effect,BATS007 | Moung | Moung | BAT | Battambang | Battambang
BATS008,Sdau,Sdau,,BAT,Battambang,Battambang,Post office,In effect,BATS008 | Sdau | Sdau | BAT | Battambang | Battambang
CHAA001,Peam Prathnuoh,Peam Prathnuoh,0888664145,CHA,Kampong Cham,Kampong Cham,Authorized Dealer/ Authorized Agent,In effect,CHAA001 | Peam Prathnuoh | Peam Prathnuoh | 0888664145 | CHA | Kampong Cham | Kampong Cham
CHAA002,Chrey Vien,Chrey Vien,067665432,CHA,Kampong Cham,Kampong Cham,Authorized Dealer/ Authorized Agent,In effect,CHAA002 | Chrey Vien | Chrey Vien | 067665432 | CHA | Kampong Cham | Kampong Cham
CHAA003,Kor,Kor,066666642,CHA,Kampong Cham,Kampong Cham,Authorized Dealer/ Authorized Agent,In effect,CHAA003 | Kor | Kor | 066666642 | CHA | Kampong Cham | Kampong Cham
CHAA004,Sandaek,Sandaek,0886341117,CHA,Kampong Cham,Kampong Cham,Authorized Dealer/ Authorized Agent,In effect,CHAA004 | Sandaek | Sandaek | 0886341117 | CHA | Kampong Cham | Kampong Cham
CHAA005,Me Sar Chrey,Me Sar Chrey,060373336,CHA,Kampong Cham,Kampong Cham,Authorized Dealer/ Authorized Agent,In effect,CHAA005 | Me Sar Chrey | Me Sar Chrey | 060373336 | CHA | Kampong Cham | Kampong Cham
CHAA006,Peam Chi Kang,Peam Chi Kang,0979008412,CHA,Kampong Cham,Kampong Cham,Authorized Dealer/ Authorized Agent,In effect,CHAA006 | Peam Chi Kang | Peam Chi Kang | 0979008412 | CHA | Kampong Cham | Kampong Cham
CHAA007,Ta Prok,Ta Prok,0714862222,CHA,Kampong Cham,Kampong Cham,Authorized Dealer/ Authorized Agent,In effect,CHAA007 | Ta Prok | Ta Prok | 0714862222 | CHA | Kampong Cham | Kampong Cham
CHAA008,Thma Pun,Thma Pun,0313100028,CHA,Kampong Cham,Kampong Cham,Authorized Dealer/ Authorized Agent,In effect,CHAA008 | Thma Pun | Thma Pun | 0313100028 | CHA | Kampong Cham | Kampong Cham
CHAA009,Tang Krang,Tang Krang,0716601215,CHA,Kampong Cham,Kampong Cham,Authorized Dealer/ Authorized Agent,In effect,CHAA009 | Tang Krang | Tang Krang | 0716601215 | CHA | Kampong Cham | Kampong Cham
CHAA010,Bos Khnor,Bos Khnor,0717774841,CHA,Kampong Cham,Kampong Cham,Authorized Dealer/ Authorized Agent,In effect,CHAA010 | Bos Khnor | Bos Khnor | 0717774841 | CHA | Kampong Cham | Kampong Cham
CHAA011,Lvea,Lvea,0319621863,CHA,Kampong Cham,Kampong Cham,Authorized Dealer/ Authorized Agent,In effect,CHAA011 | Lvea | Lvea | 0319621863 | CHA | Kampong Cham | Kampong Cham
CHAA012,Khvet Thum,Khvet Thum,0976561888,CHA,Kampong Cham,Kampong Cham,Authorized Dealer/ Authorized Agent,In effect,CHAA012 | Khvet Thum | Khvet Thum | 0976561888 | CHA | Kampong Cham | Kampong Cham
CHAA013,Chealea,Chealea,0977713334,CHA,Kampong Cham,Kampong Cham,Authorized Dealer/ Authorized Agent,In effect,CHAA013 | Chealea | Chealea | 0977713334 | CHA | Kampong Cham | Kampong Cham
CHAA014,Batheay,Batheay,0716363168,CHA,Kampong Cham,Kampong Cham,Authorized Dealer/ Authorized Agent,In effect,CHAA014 | Batheay | Batheay | 0716363168 | CHA | Kampong Cham | Kampong Cham
CHAA015,Soutib,Soutib,0979431314,CHA,Kampong Cham,Kampong Cham,Authorized Dealer/ Authorized Agent,In effect,CHAA015 | Soutib | Soutib | 0979431314 | CHA | Kampong Cham | Kampong Cham
CHAA016,Veal Vung,Veal Vung,0718010101,CHA,Kampong Cham,Kampong Cham,Authorized Dealer/ Authorized Agent,In effect,CHAA016 | Veal Vung | Veal Vung | 0718010101 | CHA | Kampong Cham | Kampong Cham
CHAA017,Areak Tnaot,Areak Tnaot,0973399000,CHA,Kampong Cham,Kampong Cham,Authorized Dealer/ Authorized Agent,In effect,CHAA017 | Areak Tnaot | Areak Tnaot | 0973399000 | CHA | Kampong Cham | Kampong Cham
CHAA018,Kampong Cham,Kampong Cham,0974128678,CHA,Kampong Cham,Kampong Cham,Authorized Dealer/ Authorized Agent,In effect,CHAA018 | Kampong Cham | Kampong Cham | 0974128678 | CHA | Kampong Cham | Kampong Cham
CHAA019,Roka Koy,Roka Koy,0977644227,CHA,Kampong Cham,Kampong Cham,Authorized Dealer/ Authorized Agent,In effect,CHAA019 | Roka Koy | Roka Koy | 0977644227 | CHA | Kampong Cham | Kampong Cham
CHAA020,Hanchey,Hanchey,0713333612,CHA,Kampong Cham,Kampong Cham,Authorized Dealer/ Authorized Agent,In effect,CHAA020 | Hanchey | Hanchey | 0713333612 | CHA | Kampong Cham | Kampong Cham
CHAA021,Svay Pou,Svay Pou,068536475,CHA,Kampong Cham,Kampong Cham,Authorized Dealer/ Authorized Agent,In effect,CHAA021 | Svay Pou | Svay Pou | 068536475 | CHA | Kampong Cham | Kampong Cham
CHAA022,Preak Kak,Preak Kak,0888855293,CHA,Kampong Cham,Kampong Cham,Authorized Dealer/ Authorized Agent,In effect,CHAA022 | Preak Kak | Preak Kak | 0888855293 | CHA | Kampong Cham | Kampong Cham
CHAA023,Preak Rumdeng,Preak Rumdeng,0884421662,CHA,Kampong Cham,Kampong Cham,Authorized Dealer/ Authorized Agent,In effect,CHAA023 | Preak Rumdeng | Preak Rumdeng | 0884421662 | CHA | Kampong Cham | Kampong Cham
CHAA024,Tumnob,Tumnob,090999000,CHA,Kampong Cham,Kampong Cham,Authorized Dealer/ Authorized Agent,In effect,CHAA024 | Tumnob | Tumnob | 090999000 | CHA | Kampong Cham | Kampong Cham
CHAP001,Kampong Cham,Kampong Cham,067981954,CHA,Kampong Cham,Kampong Cham,Post office,In effect,CHAP001 | Kampong Cham | Kampong Cham | 067981954 | CHA | Kampong Cham | Kampong Cham
CHAS001,Veal Vung,Veal Vung,,CHA,Kampong Cham,Kampong Cham,Post office,In effect,CHAS001 | Veal Vung | Veal Vung | CHA | Kampong Cham | Kampong Cham
CHAS002,Preak Kak,Preak Kak,,CHA,Kampong Cham,Kampong Cham,Post office,In effect,CHAS002 | Preak Kak | Preak Kak | CHA | Kampong Cham | Kampong Cham
CHAS003,Soutib,Soutib,,CHA,Kampong Cham,Kampong Cham,Post office,In effect,CHAS003 | Soutib | Soutib | CHA | Kampong Cham | Kampong Cham
CHAS004,Chrey Vien,Chrey Vien,,CHA,Kampong Cham,Kampong Cham,Post office,In effect,CHAS004 | Chrey Vien | Chrey Vien | CHA | Kampong Cham | Kampong Cham
CHAS005,Svay Teab,Svay Teab,,CHA,Kampong Cham,Kampong Cham,Post office,In effect,CHAS005 | Svay Teab | Svay Teab | CHA | Kampong Cham | Kampong Cham
CHHA001,Ou Ruessei 01,Ou Ruessei 01,0979256868,CHH,Kampong Chhnang,Kampong Chhnang,Authorized Dealer/ Authorized Agent,In effect,CHHA001 | Ou Ruessei 01 | Ou Ruessei 01 | 0979256868 | CHH | Kampong Chhnang | Kampong Chhnang
CHHA002,Pongro,Pongro,0882356429,CHH,Kampong Chhnang,Kampong Chhnang,Authorized Dealer/ Authorized Agent,In effect,CHHA002 | Pongro | Pongro | 0882356429 | CHH | Kampong Chhnang | Kampong Chhnang
CHHA003,Ou Ruessei 02,Ou Ruessei 02,068519717,CHH,Kampong Chhnang,Kampong Chhnang,Authorized Dealer/ Authorized Agent,In effect,CHHA003 | Ou Ruessei 02 | Ou Ruessei 02 | 068519717 | CHH | Kampong Chhnang | Kampong Chhnang
CHHA004,Saeb,Saeb,0974989014,CHH,Kampong Chhnang,Kampong Chhnang,Authorized Dealer/ Authorized Agent,In effect,CHHA004 | Saeb | Saeb | 0974989014 | CHH | Kampong Chhnang | Kampong Chhnang
CHHA005,Peani,Peani,0885871084,CHH,Kampong Chhnang,Kampong Chhnang,Authorized Dealer/ Authorized Agent,In effect,CHHA005 | Peani | Peani | 0885871084 | CHH | Kampong Chhnang | Kampong Chhnang
CHHA006,Ta Ches,Ta Ches,0314443535,CHH,Kampong Chhnang,Kampong Chhnang,Authorized Dealer/ Authorized Agent,In effect,CHHA006 | Ta Ches | Ta Ches | 0314443535 | CHH | Kampong Chhnang | Kampong Chhnang
CHHA007,Prey Kri 01,Prey Kri 01,0715975858,CHH,Kampong Chhnang,Kampong Chhnang,Authorized Dealer/ Authorized Agent,In effect,CHHA007 | Prey Kri 01 | Prey Kri 01 | 0715975858 | CHH | Kampong Chhnang | Kampong Chhnang
CHHA008,Peam Chhkaok,Peam Chhkaok,0718431010,CHH,Kampong Chhnang,Kampong Chhnang,Authorized Dealer/ Authorized Agent,In effect,CHHA008 | Peam Chhkaok | Peam Chhkaok | 0718431010 | CHH | Kampong Chhnang | Kampong Chhnang
CHHA009,Krang Skear,Krang Skear,0712847871,CHH,Kampong Chhnang,Kampong Chhnang,Authorized Dealer/ Authorized Agent,In effect,CHHA009 | Krang Skear | Krang Skear | 0712847871 | CHH | Kampong Chhnang | Kampong Chhnang
CHHA010,Samraong,Samraong,0883322881,CHH,Kampong Chhnang,Kampong Chhnang,Authorized Dealer/ Authorized Agent,In effect,CHHA010 | Samraong | Samraong | 0883322881 | CHH | Kampong Chhnang | Kampong Chhnang
CHHA011,Svay Chrum,Svay Chrum,0716555440,CHH,Kampong Chhnang,Kampong Chhnang,Authorized Dealer/ Authorized Agent,In effect,CHHA011 | Svay Chrum | Svay Chrum | 0716555440 | CHH | Kampong Chhnang | Kampong Chhnang
CHHA012,Trangel,Trangel,0718488815,CHH,Kampong Chhnang,Kampong Chhnang,Authorized Dealer/ Authorized Agent,In effect,CHHA012 | Trangel | Trangel | 0718488815 | CHH | Kampong Chhnang | Kampong Chhnang
CHHA013,Phsar,Phsar,0979474183,CHH,Kampong Chhnang,Kampong Chhnang,Authorized Dealer/ Authorized Agent,In effect,CHHA013 | Phsar | Phsar | 0979474183 | CHH | Kampong Chhnang | Kampong Chhnang
CHHA014,Krang Leav,Krang Leav,0979588987,CHH,Kampong Chhnang,Kampong Chhnang,Authorized Dealer/ Authorized Agent,In effect,CHHA014 | Krang Leav | Krang Leav | 0979588987 | CHH | Kampong Chhnang | Kampong Chhnang
CHHA015,Chrey Bak,Chrey Bak,0883444423,CHH,Kampong Chhnang,Kampong Chhnang,Authorized Dealer/ Authorized Agent,In effect,CHHA015 | Chrey Bak | Chrey Bak | 0883444423 | CHH | Kampong Chhnang | Kampong Chhnang
CHHA016,Chieb,Chieb,090649635,CHH,Kampong Chhnang,Kampong Chhnang,Authorized Dealer/ Authorized Agent,In effect,CHHA016 | Chieb | Chieb | 090649635 | CHH | Kampong Chhnang | Kampong Chhnang
CHHA017,Prey Kri 02,Prey Kri 02,0975686565,CHH,Kampong Chhnang,Kampong Chhnang,Authorized Dealer/ Authorized Agent,In effect,CHHA017 | Prey Kri 02 | Prey Kri 02 | 0975686565 | CHH | Kampong Chhnang | Kampong Chhnang
CHHA018,Rolea B'ier,Rolea B'ier,067334452,CHH,Kampong Chhnang,Kampong Chhnang,Authorized Dealer/ Authorized Agent,In effect,CHHA018 | Rolea B'ier | Rolea B'ier | 067334452 | CHH | Kampong Chhnang | Kampong Chhnang
CHHA019,Kampong Chhnang,Kampong Chhnang,0977267266,CHH,Kampong Chhnang,Kampong Chhnang,Authorized Dealer/ Authorized Agent,In effect,CHHA019 | Kampong Chhnang | Kampong Chhnang | 0977267266 | CHH | Kampong Chhnang | Kampong Chhnang
CHHA020,Krang Lvea,Krang Lvea,0887676940,CHH,Kampong Chhnang,Kampong Chhnang,Authorized Dealer/ Authorized Agent,In effect,CHHA020 | Krang Lvea | Krang Lvea | 0887676940 | CHH | Kampong Chhnang | Kampong Chhnang
CHHA021,Lungveaek,Lungveaek,0889988927,CHH,Kampong Chhnang,Kampong Chhnang,Authorized Dealer/ Authorized Agent,In effect,CHHA021 | Lungveaek | Lungveaek | 0889988927 | CHH | Kampong Chhnang | Kampong Chhnang
CHHA022,B'er,B'er,0314892168,CHH,Kampong Chhnang,Kampong Chhnang,Authorized Dealer/ Authorized Agent,In effect,CHHA022 | B'er | B'er | 0314892168 | CHH | Kampong Chhnang | Kampong Chhnang
CHHP001,Kampong Chhnang,Kampong Chhnang,0978887079,CHH,Kampong Chhnang,Kampong Chhnang,Post office,In effect,CHHP001 | Kampong Chhnang | Kampong Chhnang | 0978887079 | CHH | Kampong Chhnang | Kampong Chhnang
CHHS001,Kampong Chhnang,Kampong Chhnang,,CHH,Kampong Chhnang,Kampong Chhnang,Post office,In effect,CHHS001 | Kampong Chhnang | Kampong Chhnang | CHH | Kampong Chhnang | Kampong Chhnang
CHHS002,Peani,Peani,,CHH,Kampong Chhnang,Kampong Chhnang,Post office,In effect,CHHS002 | Peani | Peani | CHH | Kampong Chhnang | Kampong Chhnang
KAMTEST01,Ankor Chey,Ankor Chey,,CNCNTT,Công nghệ thông tin,Công nghệ thông tin,Post office,Out of effect,KAMTEST01 | Ankor Chey | Ankor Chey | CNCNTT | Công nghệ thông tin | Công nghệ thông tin
KAMA001,Banteay Meas Khang Kaeut,Banteay Meas Khang Kaeut,0712030403,KAM,Kampot,Kampot,Authorized Dealer/ Authorized Agent,In effect,KAMA001 | Banteay Meas Khang Kaeut | Banteay Meas Khang Kaeut | 0712030403 | KAM | Kampot | Kampot
KAMA002,Tnoat Chong Srang,Tnoat Chong Srang,0885966105,KAM,Kampot,Kampot,Authorized Dealer/ Authorized Agent,In effect,KAMA002 | Tnoat Chong Srang | Tnoat Chong Srang | 0885966105 | KAM | Kampot | Kampot
KAMA003,Preaek Kroes,Preaek Kroes,0974442111,KAM,Kampot,Kampot,Authorized Dealer/ Authorized Agent,In effect,KAMA003 | Preaek Kroes | Preaek Kroes | 0974442111 | KAM | Kampot | Kampot
KAMA005,Chhuk 01,Chhuk 01,060925556,KAM,Kampot,Kampot,Authorized Dealer/ Authorized Agent,In effect,KAMA005 | Chhuk 01 | Chhuk 01 | 060925556 | KAM | Kampot | Kampot
KAMA006,KEP,KEP,067872737,KAM,Kampot,Kampot,Authorized Dealer/ Authorized Agent,In effect,KAMA006 | KEP | KEP | 067872737 | KAM | Kampot | Kampot
KAMA007,Phnum Kong,Phnum Kong,090855599,KAM,Kampot,Kampot,Authorized Dealer/ Authorized Agent,In effect,KAMA007 | Phnum Kong | Phnum Kong | 090855599 | KAM | Kampot | Kampot
KAMA008,Lbaeuk,Lbaeuk,0979907211,KAM,Kampot,Kampot,Authorized Dealer/ Authorized Agent,In effect,KAMA008 | Lbaeuk | Lbaeuk | 0979907211 | KAM | Kampot | Kampot
KAMA009,Dang Tung 01,Dang Tung 01,0719709797,KAM,Kampot,Kampot,Authorized Dealer/ Authorized Agent,In effect,KAMA009 | Dang Tung 01 | Dang Tung 01 | 0719709797 | KAM | Kampot | Kampot
KAMA010,Koun Sat,Koun Sat,0973398687,KAM,Kampot,Kampot,Authorized Dealer/ Authorized Agent,In effect,KAMA010 | Koun Sat | Koun Sat | 0973398687 | KAM | Kampot | Kampot
KAMA011,Chhuk 02,Chhuk 02,0888884413,KAM,Kampot,Kampot,Authorized Dealer/ Authorized Agent,In effect,KAMA011 | Chhuk 02 | Chhuk 02 | 0888884413 | KAM | Kampot | Kampot
KAMA012,Kaoh Touch,Kaoh Touch,0977336660,KAM,Kampot,Kampot,Authorized Dealer/ Authorized Agent,In effect,KAMA012 | Kaoh Touch | Kaoh Touch | 0977336660 | KAM | Kampot | Kampot
KAMA013,Trapeang Reang,Trapeang Reang,0718084499,KAM,Kampot,Kampot,Authorized Dealer/ Authorized Agent,In effect,KAMA013 | Trapeang Reang | Trapeang Reang | 0718084499 | KAM | Kampot | Kampot
KAMA014,Dang Tung 02,Dang Tung 02,0973389733,KAM,Kampot,Kampot,Authorized Dealer/ Authorized Agent,In effect,KAMA014 | Dang Tung 02 | Dang Tung 02 | 0973389733 | KAM | Kampot | Kampot
KAMA015,Preaek Tnaot 01,Preaek Tnaot 01,0978107007,KAM,Kampot,Kampot,Authorized Dealer/ Authorized Agent,In effect,KAMA015 | Preaek Tnaot 01 | Preaek Tnaot 01 | 0978107007 | KAM | Kampot | Kampot
KAMA016,Prey Thnang,Prey Thnang,0883230032,KAM,Kampot,Kampot,Authorized Dealer/ Authorized Agent,In effect,KAMA016 | Prey Thnang | Prey Thnang | 0883230032 | KAM | Kampot | Kampot
KAMA017,Trapeang Sangkae,Trapeang Sangkae,067365170,KAM,Kampot,Kampot,Authorized Dealer/ Authorized Agent,In effect,KAMA017 | Trapeang Sangkae | Trapeang Sangkae | 067365170 | KAM | Kampot | Kampot
KAMA018,Kampong Kandal,Kampong Kandal,0715506622,KAM,Kampot,Kampot,Authorized Dealer/ Authorized Agent,In effect,KAMA018 | Kampong Kandal | Kampong Kandal | 0715506622 | KAM | Kampot | Kampot
KAMA019,Ruessei Srok Khang Lech 01,Ruessei Srok Khang Lech 01,0974815105,KAM,Kampot,Kampot,Authorized Dealer/ Authorized Agent,In effect,KAMA019 | Ruessei Srok Khang Lech 01 | Ruessei Srok Khang Lech 01 | 0974815105 | KAM | Kampot | Kampot
KAMA020,Kampong Trach Khang Kaeut,Kampong Trach Khang Kaeut,0976993636,KAM,Kampot,Kampot,Authorized Dealer/ Authorized Agent,In effect,KAMA020 | Kampong Trach Khang Kaeut | Kampong Trach Khang Kaeut | 0976993636 | KAM | Kampot | Kampot
KAMA021,Trapeang Sala Khang Kaeut,Trapeang Sala Khang Kaeut,068470026,KAM,Kampot,Kampot,Authorized Dealer/ Authorized Agent,In effect,KAMA021 | Trapeang Sala Khang Kaeut | Trapeang Sala Khang Kaeut | 068470026 | KAM | Kampot | Kampot
KAMA022,Praphnum,Praphnum,0977833168,KAM,Kampot,Kampot,Authorized Dealer/ Authorized Agent,In effect,KAMA022 | Praphnum | Praphnum | 0977833168 | KAM | Kampot | Kampot
KAMA023,Ruessei Srok Khang Lech 02,Ruessei Srok Khang Lech 02,0886242006,KAM,Kampot,Kampot,Authorized Dealer/ Authorized Agent,In effect,KAMA023 | Ruessei Srok Khang Lech 02 | Ruessei Srok Khang Lech 02 | 0886242006 | KAM | Kampot | Kampot
KAMA024,Ang Sophi,Ang Sophi,0714236423,KAM,Kampot,Kampot,Authorized Dealer/ Authorized Agent,In effect,KAMA024 | Ang Sophi | Ang Sophi | 0714236423 | KAM | Kampot | Kampot
KAMA025,Damnak Kantuot Khang Cheung,Damnak Kantuot Khang Cheung,0883872671,KAM,Kampot,Kampot,Authorized Dealer/ Authorized Agent,In effect,KAMA025 | Damnak Kantuot Khang Cheung | Damnak Kantuot Khang Cheung | 0883872671 | KAM | Kampot | Kampot
KAMA026,L ang,L ang,0884042326,KAM,Kampot,Kampot,Authorized Dealer/ Authorized Agent,In effect,KAMA026 | L ang | L ang | 0884042326 | KAM | Kampot | Kampot
KAMA027,Tuk Meas Khang Lech,Tuk Meas Khang Lech,0886272862,KAM,Kampot,Kampot,Authorized Dealer/ Authorized Agent,In effect,KAMA027 | Tuk Meas Khang Lech | Tuk Meas Khang Lech | 0886272862 | KAM | Kampot | Kampot
KAMA028,Preaek Tnaot 02,Preaek Tnaot 02,0884811108,KAM,Kampot,Kampot,Authorized Dealer/ Authorized Agent,In effect,KAMA028 | Preaek Tnaot 02 | Preaek Tnaot 02 | 0884811108 | KAM | Kampot | Kampot
KAMA029,Dambouk Khpuos,Dambouk Khpuos,0885217220,KAM,Kampot,Kampot,Authorized Dealer/ Authorized Agent,In effect,KAMA029 | Dambouk Khpuos | Dambouk Khpuos | 0885217220 | KAM | Kampot | Kampot
KAMP001,Kampot,Kampot,0979758982,KAM,Kampot,Kampot,Post office,In effect,KAMP001 | Kampot | Kampot | 0979758982 | KAM | Kampot | Kampot
KAMS001,Krang Ampil,Krang Ampil,,KAM,Kampot,Kampot,Post office,In effect,KAMS001 | Krang Ampil | Krang Ampil | KAM | Kampot | Kampot
KAMS002,Tuk Meas Khang Lech,Tuk Meas Khang Lech,,KAM,Kampot,Kampot,Post office,In effect,KAMS002 | Tuk Meas Khang Lech | Tuk Meas Khang Lech | KAM | Kampot | Kampot
KAMS003,Satv Pong,Satv Pong,,KAM,Kampot,Kampot,Post office,In effect,KAMS003 | Satv Pong | Satv Pong | KAM | Kampot | Kampot
KANA001,Preaek Chrey,Preaek Chrey,0885014445,KAN,Kandal,Kandal,Authorized Dealer/ Authorized Agent,In effect,KANA001 | Preaek Chrey | Preaek Chrey | 0885014445 | KAN | Kandal | Kandal
KANA002,Sampov Pun 01,Sampov Pun 01,0975299991,KAN,Kandal,Kandal,Authorized Dealer/ Authorized Agent,In effect,KANA002 | Sampov Pun 01 | Sampov Pun 01 | 0975299991 | KAN | Kandal | Kandal
KANA003,Pou Ban 01,Pou Ban 01,0975443338,KAN,Kandal,Kandal,Authorized Dealer/ Authorized Agent,In effect,KANA003 | Pou Ban 01 | Pou Ban 01 | 0975443338 | KAN | Kandal | Kandal
KANA004,Settak bou,Settak bou,0315055568,KAN,Kandal,Kandal,Authorized Dealer/ Authorized Agent,In effect,KANA004 | Settak bou | Settak bou | 0315055568 | KAN | Kandal | Kandal
KANA005,Svay Rolum,Svay Rolum,066666603,KAN,Kandal,Kandal,Authorized Dealer/ Authorized Agent,In effect,KANA005 | Svay Rolum | Svay Rolum | 066666603 | KAN | Kandal | Kandal
KANA006,Krang Youv,Krang Youv,090833458,KAN,Kandal,Kandal,Authorized Dealer/ Authorized Agent,In effect,KANA006 | Krang Youv | Krang Youv | 090833458 | KAN | Kandal | Kandal
KANA007,Khpob,Khpob,0977507013,KAN,Kandal,Kandal,Authorized Dealer/ Authorized Agent,In effect,KANA007 | Khpob | Khpob | 0977507013 | KAN | Kandal | Kandal
KANA008,Khpob Ateav,Khpob Ateav,068686963,KAN,Kandal,Kandal,Authorized Dealer/ Authorized Agent,In effect,KANA008 | Khpob Ateav | Khpob Ateav | 068686963 | KAN | Kandal | Kandal
KANA009,Kokir Thum,Kokir Thum,0884446153,KAN,Kandal,Kandal,Authorized Dealer/ Authorized Agent,In effect,KANA009 | Kokir Thum | Kokir Thum | 0884446153 | KAN | Kandal | Kandal
KANA010,Samraong Thum,Samraong Thum,0977300096,KAN,Kandal,Kandal,Authorized Dealer/ Authorized Agent,In effect,KANA010 | Samraong Thum | Samraong Thum | 0977300096 | KAN | Kandal | Kandal
KANA011,Cheung Kaeub,Cheung Kaeub,068220872,KAN,Kandal,Kandal,Authorized Dealer/ Authorized Agent,In effect,KANA011 | Cheung Kaeub | Cheung Kaeub | 068220872 | KAN | Kandal | Kandal
KANA012,Dei Ed,Dei Ed,0316843333,KAN,Kandal,Kandal,Authorized Dealer/ Authorized Agent,In effect,KANA012 | Dei Ed | Dei Ed | 0316843333 | KAN | Kandal | Kandal
KANA013,Chheu Teal 01,Chheu Teal 01,0889779949,KAN,Kandal,Kandal,Authorized Dealer/ Authorized Agent,In effect,KANA013 | Chheu Teal 01 | Chheu Teal 01 | 0889779949 | KAN | Kandal | Kandal
KANA014,Chheu Teal 02,Chheu Teal 02,0884879666,KAN,Kandal,Kandal,Authorized Dealer/ Authorized Agent,In effect,KANA014 | Chheu Teal 02 | Chheu Teal 02 | 0884879666 | KAN | Kandal | Kandal
KANA017,Preaek Anhchanh,Preaek Anhchanh,0974680111,KAN,Kandal,Kandal,Authorized Dealer/ Authorized Agent,In effect,KANA017 | Preaek Anhchanh | Preaek Anhchanh | 0974680111 | KAN | Kandal | Kandal
KANA018,Roka Kaong Ti Muoy,Roka Kaong Ti Muoy,0719695959,KAN,Kandal,Kandal,Authorized Dealer/ Authorized Agent,In effect,KANA018 | Roka Kaong Ti Muoy | Roka Kaong Ti Muoy | 0719695959 | KAN | Kandal | Kandal
KANA019,Kampong Luong,Kampong Luong,0314000044,KAN,Kandal,Kandal,Authorized Dealer/ Authorized Agent,In effect,KANA019 | Kampong Luong | Kampong Luong | 0314000044 | KAN | Kandal | Kandal
KANA020,Preaek Koy,Preaek Koy,099903002,KAN,Kandal,Kandal,Authorized Dealer/ Authorized Agent,In effect,KANA020 | Preaek Koy | Preaek Koy | 099903002 | KAN | Kandal | Kandal
KANA021,Preaek Hour 01,Preaek Hour 01,,KAN,Kandal,Kandal,Authorized Dealer/ Authorized Agent,In effect,KANA021 | Preaek Hour 01 | Preaek Hour 01 | KAN | Kandal | Kandal
KANA022,Cheung Kaeub,Cheung Kaeub,0885777469,KAN,Kandal,Kandal,Authorized Dealer/ Authorized Agent,In effect,KANA022 | Cheung Kaeub | Cheung Kaeub | 0885777469 | KAN | Kandal | Kandal
KANA023,Preaek Hour 02,Preaek Hour 02,0716667378,KAN,Kandal,Kandal,Authorized Dealer/ Authorized Agent,In effect,KANA023 | Preaek Hour 02 | Preaek Hour 02 | 0716667378 | KAN | Kandal | Kandal
KANA024,Daeum Rues,Daeum Rues,066441450,KAN,Kandal,Kandal,Authorized Dealer/ Authorized Agent,In effect,KANA024 | Daeum Rues | Daeum Rues | 066441450 | KAN | Kandal | Kandal
KANA026,Traeuy Sla,Traeuy Sla,0975529539,KAN,Kandal,Kandal,Authorized Dealer/ Authorized Agent,In effect,KANA026 | Traeuy Sla | Traeuy Sla | 0975529539 | KAN | Kandal | Kandal
KANA027,Preaek Ruessei,Preaek Ruessei,0712032211,KAN,Kandal,Kandal,Authorized Dealer/ Authorized Agent,In effect,KANA027 | Preaek Ruessei | Preaek Ruessei | 0712032211 | KAN | Kandal | Kandal
KANA028,Siem Reab,Siem Reab,0312481818,KAN,Kandal,Kandal,Authorized Dealer/ Authorized Agent,In effect,KANA028 | Siem Reab | Siem Reab | 0312481818 | KAN | Kandal | Kandal
KANA029,Kampong Samnanh,Kampong Samnanh,060587879,KAN,Kandal,Kandal,Authorized Dealer/ Authorized Agent,In effect,KANA029 | Kampong Samnanh | Kampong Samnanh | 060587879 | KAN | Kandal | Kandal
KANA031,Preaek Ta Meak,Preaek Ta Meak,0975428202,KAN,Kandal,Kandal,Authorized Dealer/ Authorized Agent,In effect,KANA031 | Preaek Ta Meak | Preaek Ta Meak | 0975428202 | KAN | Kandal | Kandal
KANA033,Preaek Rey,Preaek Rey,0716404444,KAN,Kandal,Kandal,Authorized Dealer/ Authorized Agent,In effect,KANA033 | Preaek Rey | Preaek Rey | 0716404444 | KAN | Kandal | Kandal
KANA034,Roka Khpuos,Roka Khpuos,066988835,KAN,Kandal,Kandal,Authorized Dealer/ Authorized Agent,In effect,KANA034 | Roka Khpuos | Roka Khpuos | 066988835 | KAN | Kandal | Kandal
KANA036,Sambuor Meas,Sambuor Meas,0886896222,KAN,Kandal,Kandal,Authorized Dealer/ Authorized Agent,In effect,KANA036 | Sambuor Meas | Sambuor Meas | 0886896222 | KAN | Kandal | Kandal
KANA037,Sambuor,Sambuor,0978760303,KAN,Kandal,Kandal,Authorized Dealer/ Authorized Agent,In effect,KANA037 | Sambuor | Sambuor | 0978760303 | KAN | Kandal | Kandal
KANA038,Preaek Ruessei,Preaek Ruessei,068282262,KAN,Kandal,Kandal,Authorized Dealer/ Authorized Agent,In effect,KANA038 | Preaek Ruessei | Preaek Ruessei | 068282262 | KAN | Kandal | Kandal
KANA039,Chheu Khmau,Chheu Khmau,068688885,KAN,Kandal,Kandal,Authorized Dealer/ Authorized Agent,In effect,KANA039 | Chheu Khmau | Chheu Khmau | 068688885 | KAN | Kandal | Kandal
KANA040,Sampov Pun 02,Sampov Pun 02,0885852222,KAN,Kandal,Kandal,Authorized Dealer/ Authorized Agent,In effect,KANA040 | Sampov Pun 02 | Sampov Pun 02 | 0885852222 | KAN | Kandal | Kandal
KANA041,Leuk Daek,Leuk Daek,0887000585,KAN,Kandal,Kandal,Authorized Dealer/ Authorized Agent,In effect,KANA041 | Leuk Daek | Leuk Daek | 0887000585 | KAN | Kandal | Kandal
KANA042,Pou Ban 02,Pou Ban 02,066350114,KAN,Kandal,Kandal,Authorized Dealer/ Authorized Agent,In effect,KANA042 | Pou Ban 02 | Pou Ban 02 | 066350114 | KAN | Kandal | Kandal
KANA043,Puk Ruessei,Puk Ruessei,0978333874,KAN,Kandal,Kandal,Authorized Dealer/ Authorized Agent,In effect,KANA043 | Puk Ruessei | Puk Ruessei | 0978333874 | KAN | Kandal | Kandal
KANA044,Svay Romiet 01,Svay Romiet 01,0718044433,KAN,Kandal,Kandal,Authorized Dealer/ Authorized Agent,In effect,KANA044 | Svay Romiet 01 | Svay Romiet 01 | 0718044433 | KAN | Kandal | Kandal
KANA045,Svay Romiet 02,Svay Romiet 02,068401902,KAN,Kandal,Kandal,Authorized Dealer/ Authorized Agent,In effect,KANA045 | Svay Romiet 02 | Svay Romiet 02 | 068401902 | KAN | Kandal | Kandal
KANA046,CHRUY SOPHAT,CHRUY SOPHAT,066666017,KAN,Kandal,Kandal,Authorized Dealer/ Authorized Agent,In effect,KANA046 | CHRUY SOPHAT | CHRUY SOPHAT | 066666017 | KAN | Kandal | Kandal
KANA049,Roka,Roka,0885777469,KAN,Kandal,Kandal,Authorized Dealer/ Authorized Agent,In effect,KANA049 | Roka | Roka | 0885777469 | KAN | Kandal | Kandal
KANA066,Wat Prek Ampil,Wat Prek Ampil,010274262,KAN,Kandal,Kandal,Authorized Dealer/ Authorized Agent,In effect,KANA066 | Wat Prek Ampil | Wat Prek Ampil | 010274262 | KAN | Kandal | Kandal
KANP001,Ta Khmau,Ta Khmau,0716646043,KAN,Kandal,Kandal,Post office,In effect,KANP001 | Ta Khmau | Ta Khmau | 0716646043 | KAN | Kandal | Kandal
KANS001,Ta Khmao,Ta Khmao,,KAN,Kandal,Kandal,Post office,In effect,KANS001 | Ta Khmao | Ta Khmao | KAN | Kandal | Kandal
KANS002,Kokir,Kokir,,KAN,Kandal,Kandal,Post office,In effect,KANS002 | Kokir | Kokir | KAN | Kandal | Kandal
KANS003,Preaek Thmei,Preaek Thmei,,KAN,Kandal,Kandal,Post office,In effect,KANS003 | Preaek Thmei | Preaek Thmei | KAN | Kandal | Kandal
KANS004,Preaek Anhchanh,Preaek Anhchanh,,KAN,Kandal,Kandal,Post office,In effect,KANS004 | Preaek Anhchanh | Preaek Anhchanh | KAN | Kandal | Kandal
KANS005,Baek Chan,Baek Chan,,KAN,Kandal,Kandal,Post office,In effect,KANS005 | Baek Chan | Baek Chan | KAN | Kandal | Kandal
KOHA001,Sob Mathly,Sob Mathly,0973415168,KOH,Koh Kong,Koh Kong,Authorized Dealer/ Authorized Agent,In effect,KOHA001 | Sob Mathly | Sob Mathly | 0973415168 | KOH | Koh Kong | Koh Kong
KOHA002,Trapeang Rung,Trapeang Rung,068645654,KOH,Koh Kong,Koh Kong,Authorized Dealer/ Authorized Agent,In effect,KOHA002 | Trapeang Rung | Trapeang Rung | 068645654 | KOH | Koh Kong | Koh Kong
KOHA003,Andoung Tuek,Andoung Tuek,068848687,KOH,Koh Kong,Koh Kong,Authorized Dealer/ Authorized Agent,In effect,KOHA003 | Andoung Tuek | Andoung Tuek | 068848687 | KOH | Koh Kong | Koh Kong
KOHA004,Dang Tung 02,Dang Tung 02,0718099992,KOH,Koh Kong,Koh Kong,Authorized Dealer/ Authorized Agent,In effect,KOHA004 | Dang Tung 02 | Dang Tung 02 | 0718099992 | KOH | Koh Kong | Koh Kong
KOHA005,Srae Ambel,Srae Ambel,0716668661,KOH,Koh Kong,Koh Kong,Authorized Dealer/ Authorized Agent,In effect,KOHA005 | Srae Ambel | Srae Ambel | 0716668661 | KOH | Koh Kong | Koh Kong
KOHA006,Srae Ambel,Srae Ambel,0975375352,KOH,Koh Kong,Koh Kong,Authorized Dealer/ Authorized Agent,In effect,KOHA006 | Srae Ambel | Srae Ambel | 0975375352 | KOH | Koh Kong | Koh Kong
KOHA007,Phnhi Meas,Phnhi Meas,0312226422,KOH,Koh Kong,Koh Kong,Authorized Dealer/ Authorized Agent,In effect,KOHA007 | Phnhi Meas | Phnhi Meas | 0312226422 | KOH | Koh Kong | Koh Kong
KOHA008,Pak Khlang,Pak Khlang,0717330666,KOH,Koh Kong,Koh Kong,Authorized Dealer/ Authorized Agent,In effect,KOHA008 | Pak Khlang | Pak Khlang | 0717330666 | KOH | Koh Kong | Koh Kong
KOHA009,Ruessei Chrum,Ruessei Chrum,0973440505,KOH,Koh Kong,Koh Kong,Authorized Dealer/ Authorized Agent,In effect,KOHA009 | Ruessei Chrum | Ruessei Chrum | 0973440505 | KOH | Koh Kong | Koh Kong
KOHA010,Smach Mean Chey,Smach Mean Chey,0715443366,KOH,Koh Kong,Koh Kong,Authorized Dealer/ Authorized Agent,In effect,KOHA010 | Smach Mean Chey | Smach Mean Chey | 0715443366 | KOH | Koh Kong | Koh Kong
KOHA011,Kong deab,Kong deab,068845698,KOH,Koh Kong,Koh Kong,Authorized Dealer/ Authorized Agent,In effect,KOHA011 | Kong deab | Kong deab | 068845698 | KOH | Koh Kong | Koh Kong
KOHA012,Cham Yeam,Cham Yeam,0319993899,KOH,Koh Kong,Koh Kong,Authorized Dealer/ Authorized Agent,In effect,KOHA012 | Cham Yeam | Cham Yeam | 0319993899 | KOH | Koh Kong | Koh Kong
KOHP001,Khemmeakrakphumin,Khemmeakrakphumin,0975942942,KOH,Koh Kong,Koh Kong,Post office,In effect,KOHP001 | Khemmeakrakphumin | Khemmeakrakphumin | 0975942942 | KOH | Koh Kong | Koh Kong
KOHS001,Smach Mean Chey,Smach Mean Chey,,KOH,Koh Kong,Koh Kong,Post office,In effect,KOHS001 | Smach Mean Chey | Smach Mean Chey | KOH | Koh Kong | Koh Kong
KRAA001,Sambok,Sambok,0972626765,KRA,Kratie,Kratie,Authorized Dealer/ Authorized Agent,In effect,KRAA001 | Sambok | Sambok | 0972626765 | KRA | Kratie | Kratie
KRAA003,Chhloung,Chhloung,0976111877,KRA,Kratie,Kratie,Authorized Dealer/ Authorized Agent,In effect,KRAA003 | Chhloung | Chhloung | 0976111877 | KRA | Kratie | Kratie
KRAA004,Kbal Damrei,Kbal Damrei,,KRA,Kratie,Kratie,Authorized Dealer/ Authorized Agent,In effect,KRAA004 | Kbal Damrei | Kbal Damrei | KRA | Kratie | Kratie
KRAA005,Svay Chreah,Svay Chreah,,KRA,Kratie,Kratie,Authorized Dealer/ Authorized Agent,In effect,KRAA005 | Svay Chreah | Svay Chreah | KRA | Kratie | Kratie
KRAA006,Kranhung Saen Chey,Kranhung Saen Chey,,KRA,Kratie,Kratie,Authorized Dealer/ Authorized Agent,In effect,KRAA006 | Kranhung Saen Chey | Kranhung Saen Chey | KRA | Kratie | Kratie
KRAA007,Ou Krieng,Ou Krieng,,KRA,Kratie,Kratie,Authorized Dealer/ Authorized Agent,In effect,KRAA007 | Ou Krieng | Ou Krieng | KRA | Kratie | Kratie
KRAA008,Sambour,Sambour,,KRA,Kratie,Kratie,Authorized Dealer/ Authorized Agent,In effect,KRAA008 | Sambour | Sambour | KRA | Kratie | Kratie
KRAA009,Sandan,Sandan,,KRA,Kratie,Kratie,Authorized Dealer/ Authorized Agent,In effect,KRAA009 | Sandan | Sandan | KRA | Kratie | Kratie
KRAA010,Chambak,Chambak,,KRA,Kratie,Kratie,Authorized Dealer/ Authorized Agent,In effect,KRAA010 | Chambak | Chambak | KRA | Kratie | Kratie
KRAA012,Kanhchor,Kanhchor,068522577,KRA,Kratie,Kratie,Authorized Dealer/ Authorized Agent,In effect,KRAA012 | Kanhchor | Kanhchor | 068522577 | KRA | Kratie | Kratie
KRAP001,Kracheh,Kracheh,0979171178,KRA,Kratie,Kratie,Post office,In effect,KRAP001 | Kracheh | Kracheh | 0979171178 | KRA | Kratie | Kratie
KRAS001,Kracheh,Kracheh,,KRA,Kratie,Kratie,Post office,In effect,KRAS001 | Kracheh | Kracheh | KRA | Kratie | Kratie
KRAS002,Snuol,Snuol,,KRA,Kratie,Kratie,Post office,In effect,KRAS002 | Snuol | Snuol | KRA | Kratie | Kratie
KRAS003,Chhloung,Chhloung,,KRA,Kratie,Kratie,Post office,In effect,KRAS003 | Chhloung | Chhloung | KRA | Kratie | Kratie
KRAS004,Sambour,Sambour,,KRA,Kratie,Kratie,Post office,In effect,KRAS004 | Sambour | Sambour | KRA | Kratie | Kratie
KRAS005,Preaek Prasab,Preaek Prasab,,KRA,Kratie,Kratie,Post office,In effect,KRAS005 | Preaek Prasab | Preaek Prasab | KRA | Kratie | Kratie
MONA001,Chong Phlah,Chong Phlah,0979312777,MON,Mondul Kiri,Mondul Kiri,Authorized Dealer/ Authorized Agent,In effect,MONA001 | Chong Phlah | Chong Phlah | 0979312777 | MON | Mondul Kiri | Mondul Kiri
MONA002,Dak Dam,Dak Dam,0717557043,MON,Mondul Kiri,Mondul Kiri,Authorized Dealer/ Authorized Agent,In effect,MONA002 | Dak Dam | Dak Dam | 0717557043 | MON | Mondul Kiri | Mondul Kiri
MONA003,Srae Sangkum,Srae Sangkum,0977076136,MON,Mondul Kiri,Mondul Kiri,Authorized Dealer/ Authorized Agent,In effect,MONA003 | Srae Sangkum | Srae Sangkum | 0977076136 | MON | Mondul Kiri | Mondul Kiri
MONA004,Bu Sra,Bu Sra,0976417077,MON,Mondul Kiri,Mondul Kiri,Authorized Dealer/ Authorized Agent,In effect,MONA004 | Bu Sra | Bu Sra | 0976417077 | MON | Mondul Kiri | Mondul Kiri
MONA005,Pu Chrey,Pu Chrey,0882727972,MON,Mondul Kiri,Mondul Kiri,Authorized Dealer/ Authorized Agent,In effect,MONA005 | Pu Chrey | Pu Chrey | 0882727972 | MON | Mondul Kiri | Mondul Kiri
MONA006,Srae Ampum,Srae Ampum,066924904,MON,Mondul Kiri,Mondul Kiri,Authorized Dealer/ Authorized Agent,In effect,MONA006 | Srae Ampum | Srae Ampum | 066924904 | MON | Mondul Kiri | Mondul Kiri
MONA008,Srae Chhuk,Srae Chhuk,0712300008,MON,Mondul Kiri,Mondul Kiri,Authorized Dealer/ Authorized Agent,In effect,MONA008 | Srae Chhuk | Srae Chhuk | 0712300008 | MON | Mondul Kiri | Mondul Kiri
MONS001,Spean Mean Chey,Spean Mean Chey,,MON,Mondul Kiri,Mondul Kiri,Post office,In effect,MONS001 | Spean Mean Chey | Spean Mean Chey | MON | Mondul Kiri | Mondul Kiri
ODDA001,Anlung Veaeng 01,Anlung Veaeng 01,0886855656,ODD,Otdar Meanchey,Otdar Meanchey,Authorized Dealer/ Authorized Agent,In effect,ODDA001 | Anlung Veaeng 01 | Anlung Veaeng 01 | 0886855656 | ODD | Otdar Meanchey | Otdar Meanchey
ODDA002,Anlung Veaeng 02,Anlung Veaeng 02,0972631463,ODD,Otdar Meanchey,Otdar Meanchey,Authorized Dealer/ Authorized Agent,In effect,ODDA002 | Anlung Veaeng 02 | Anlung Veaeng 02 | 0972631463 | ODD | Otdar Meanchey | Otdar Meanchey
ODDA003,Trapeang Tav,Trapeang Tav,0312224055,ODD,Otdar Meanchey,Otdar Meanchey,Authorized Dealer/ Authorized Agent,In effect,ODDA003 | Trapeang Tav | Trapeang Tav | 0312224055 | ODD | Otdar Meanchey | Otdar Meanchey
ODDA004,Trapeang Prasat 01,Trapeang Prasat 01,0714809488,ODD,Otdar Meanchey,Otdar Meanchey,Authorized Dealer/ Authorized Agent,In effect,ODDA004 | Trapeang Prasat 01 | Trapeang Prasat 01 | 0714809488 | ODD | Otdar Meanchey | Otdar Meanchey
ODDA005,Trapeang Prasat 02,Trapeang Prasat 02,0317535511,ODD,Otdar Meanchey,Otdar Meanchey,Authorized Dealer/ Authorized Agent,In effect,ODDA005 | Trapeang Prasat 02 | Trapeang Prasat 02 | 0317535511 | ODD | Otdar Meanchey | Otdar Meanchey
ODDA006,Samraong,Samraong,0719000048,ODD,Otdar Meanchey,Otdar Meanchey,Authorized Dealer/ Authorized Agent,In effect,ODDA006 | Samraong | Samraong | 0719000048 | ODD | Otdar Meanchey | Otdar Meanchey
ODDA007,Chong Kal,Chong Kal,066772668,ODD,Otdar Meanchey,Otdar Meanchey,Authorized Dealer/ Authorized Agent,In effect,ODDA007 | Chong Kal | Chong Kal | 066772668 | ODD | Otdar Meanchey | Otdar Meanchey
ODDA008,Kouk Mon,Kouk Mon,068819868,ODD,Otdar Meanchey,Otdar Meanchey,Authorized Dealer/ Authorized Agent,In effect,ODDA008 | Kouk Mon | Kouk Mon | 068819868 | ODD | Otdar Meanchey | Otdar Meanchey
ODDP001,Samraong,Samraong,,ODD,Otdar Meanchey,Otdar Meanchey,Post office,In effect,ODDP001 | Samraong | Samraong | ODD | Otdar Meanchey | Otdar Meanchey
ODDS001,Samraong,Samraong,,ODD,Otdar Meanchey,Otdar Meanchey,Post office,Out of effect,ODDS001 | Samraong | Samraong | ODD | Otdar Meanchey | Otdar Meanchey
ODDS002,Anlung Veaeng,Anlung Veaeng,,ODD,Otdar Meanchey,Otdar Meanchey,Post office,In effect,ODDS002 | Anlung Veaeng | Anlung Veaeng | ODD | Otdar Meanchey | Otdar Meanchey
ODDTEST,Otdar Meanchey,Otdar Meanchey,,ODD,Otdar Meanchey,Otdar Meanchey,Post office,Out of effect,ODDTEST | Otdar Meanchey | Otdar Meanchey | ODD | Otdar Meanchey | Otdar Meanchey
PNPA001,Prey Sa,Prey Sa,,PNP,Phnom Penh Branch,Phnom Penh Branch,Authorized Dealer/ Authorized Agent,In effect,PNPA001 | Prey Sa | Prey Sa | PNP | Phnom Penh Branch | Phnom Penh Branch
PNPA002,Oulampik 01,Oulampik 01,066659268,PNP,Phnom Penh Branch,Phnom Penh Branch,Authorized Dealer/ Authorized Agent,In effect,PNPA002 | Oulampik 01 | Oulampik 01 | 066659268 | PNP | Phnom Penh Branch | Phnom Penh Branch
PNPA003,Tuek Thla 01,Tuek Thla 01,0312244786,PNP,Phnom Penh Branch,Phnom Penh Branch,Authorized Dealer/ Authorized Agent,In effect,PNPA003 | Tuek Thla 01 | Tuek Thla 01 | 0312244786 | PNP | Phnom Penh Branch | Phnom Penh Branch
PNPA004,Chaom Chau Ti Pir,Chaom Chau Ti Pir,,PNP,Phnom Penh Branch,Phnom Penh Branch,Authorized Dealer/ Authorized Agent,In effect,PNPA004 | Chaom Chau Ti Pir | Chaom Chau Ti Pir | PNP | Phnom Penh Branch | Phnom Penh Branch
PNPA005,Trapeang Thloeng 4,Trapeang Thloeng 4,068456594,PNP,Phnom Penh Branch,Phnom Penh Branch,Authorized Dealer/ Authorized Agent,In effect,PNPA005 | Trapeang Thloeng 4 | Trapeang Thloeng 4 | 068456594 | PNP | Phnom Penh Branch | Phnom Penh Branch
PNPA006,Kakab Ti Pir,Kakab Ti Pir,0883794940,PNP,Phnom Penh Branch,Phnom Penh Branch,Authorized Dealer/ Authorized Agent,In effect,PNPA006 | Kakab Ti Pir | Kakab Ti Pir | 0883794940 | PNP | Phnom Penh Branch | Phnom Penh Branch
PNPA007,Dangkao,Dangkao,067588896,PNP,Phnom Penh Branch,Phnom Penh Branch,Authorized Dealer/ Authorized Agent,In effect,PNPA007 | Dangkao | Dangkao | 067588896 | PNP | Phnom Penh Branch | Phnom Penh Branch
PNPA008,Stueng Mean Chey Ti Bei,Stueng Mean Chey Ti Bei,0975702255,PNP,Phnom Penh Branch,Phnom Penh Branch,Authorized Dealer/ Authorized Agent,In effect,PNPA008 | Stueng Mean Chey Ti Bei | Stueng Mean Chey Ti Bei | 0975702255 | PNP | Phnom Penh Branch | Phnom Penh Branch
PNPA013,Kamboul,Kamboul,0883777126,PNP,Phnom Penh Branch,Phnom Penh Branch,Authorized Dealer/ Authorized Agent,In effect,PNPA013 | Kamboul | Kamboul | 0883777126 | PNP | Phnom Penh Branch | Phnom Penh Branch
PNPA016,Angk Snuol,Angk Snuol,0883999617,PNP,Phnom Penh Branch,Phnom Penh Branch,Authorized Dealer/ Authorized Agent,In effect,PNPA016 | Angk Snuol | Angk Snuol | 0883999617 | PNP | Phnom Penh Branch | Phnom Penh Branch
PNPA017,SOMOL MONORITH,SOMOL MONORITH,090614747,PNP,Phnom Penh Branch,Phnom Penh Branch,Authorized Dealer/ Authorized Agent,In effect,PNPA017 | SOMOL MONORITH | SOMOL MONORITH | 090614747 | PNP | Phnom Penh Branch | Phnom Penh Branch
PNPA019,Ta Nuon,Ta Nuon,090614747,PNP,Phnom Penh Branch,Phnom Penh Branch,Authorized Dealer/ Authorized Agent,In effect,PNPA019 | Ta Nuon | Ta Nuon | 090614747 | PNP | Phnom Penh Branch | Phnom Penh Branch
PNPA020,Tuol Svay Prey Ti Pir,Tuol Svay Prey Ti Pir,0888888086,PNP,Phnom Penh Branch,Phnom Penh Branch,Authorized Dealer/ Authorized Agent,In effect,PNPA020 | Tuol Svay Prey Ti Pir | Tuol Svay Prey Ti Pir | 0888888086 | PNP | Phnom Penh Branch | Phnom Penh Branch
PNPA022,Tien,Tien,0886939168,PNP,Phnom Penh Branch,Phnom Penh Branch,Authorized Dealer/ Authorized Agent,In effect,PNPA022 | Tien | Tien | 0886939168 | PNP | Phnom Penh Branch | Phnom Penh Branch
PNPA023,Chaom Chau Ti Pir,Chaom Chau Ti Pir,0883338139,PNP,Phnom Penh Branch,Phnom Penh Branch,Authorized Dealer/ Authorized Agent,In effect,PNPA023 | Chaom Chau Ti Pir | Chaom Chau Ti Pir | 0883338139 | PNP | Phnom Penh Branch | Phnom Penh Branch
PNPA024,Kakab Ti Muoy,Kakab Ti Muoy,068888127,PNP,Phnom Penh Branch,Phnom Penh Branch,Authorized Dealer/ Authorized Agent,In effect,PNPA024 | Kakab Ti Muoy | Kakab Ti Muoy | 068888127 | PNP | Phnom Penh Branch | Phnom Penh Branch
PNPA025,Chaom Chau Ti Muoy 01,Chaom Chau Ti Muoy 01,0889855597,PNP,Phnom Penh Branch,Phnom Penh Branch,Authorized Dealer/ Authorized Agent,In effect,PNPA025 | Chaom Chau Ti Muoy 01 | Chaom Chau Ti Muoy 01 | 0889855597 | PNP | Phnom Penh Branch | Phnom Penh Branch
PNPA026,Stueng Mean Chey Ti Muoy,Stueng Mean Chey Ti Muoy,0713440004,PNP,Phnom Penh Branch,Phnom Penh Branch,Authorized Dealer/ Authorized Agent,In effect,PNPA026 | Stueng Mean Chey Ti Muoy | Stueng Mean Chey Ti Muoy | 0713440004 | PNP | Phnom Penh Branch | Phnom Penh Branch
PNPA027,Boeng Tumpun Ti Pir,Boeng Tumpun Ti Pir,0972797979,PNP,Phnom Penh Branch,Phnom Penh Branch,Authorized Dealer/ Authorized Agent,In effect,PNPA027 | Boeng Tumpun Ti Pir | Boeng Tumpun Ti Pir | 0972797979 | PNP | Phnom Penh Branch | Phnom Penh Branch
PNPA028,Chaom Chau Ti Muoy 02,Chaom Chau Ti Muoy 02,0973004449,PNP,Phnom Penh Branch,Phnom Penh Branch,Authorized Dealer/ Authorized Agent,In effect,PNPA028 | Chaom Chau Ti Muoy 02 | Chaom Chau Ti Muoy 02 | 0973004449 | PNP | Phnom Penh Branch | Phnom Penh Branch
PNPA029,Stueng Mean Chey Ti Pir,Stueng Mean Chey Ti Pir,0719226226,PNP,Phnom Penh Branch,Phnom Penh Branch,Authorized Dealer/ Authorized Agent,In effect,PNPA029 | Stueng Mean Chey Ti Pir | Stueng Mean Chey Ti Pir | 0719226226 | PNP | Phnom Penh Branch | Phnom Penh Branch
PNPA030,Stueng Mean Chey Ti Muoy,Stueng Mean Chey Ti Muoy,068997172,PNP,Phnom Penh Branch,Phnom Penh Branch,Authorized Dealer/ Authorized Agent,In effect,PNPA030 | Stueng Mean Chey Ti Muoy | Stueng Mean Chey Ti Muoy | 068997172 | PNP | Phnom Penh Branch | Phnom Penh Branch
PNPA031,Dangkao 01,Dangkao 01,0978287070,PNP,Phnom Penh Branch,Phnom Penh Branch,Authorized Dealer/ Authorized Agent,In effect,PNPA031 | Dangkao 01 | Dangkao 01 | 0978287070 | PNP | Phnom Penh Branch | Phnom Penh Branch
PNPA032,Spean Thma,Spean Thma,0882212222,PNP,Phnom Penh Branch,Phnom Penh Branch,Authorized Dealer/ Authorized Agent,In effect,PNPA032 | Spean Thma | Spean Thma | 0882212222 | PNP | Phnom Penh Branch | Phnom Penh Branch
PNPA033,Cheung Aek,Cheung Aek,0889179899,PNP,Phnom Penh Branch,Phnom Penh Branch,Authorized Dealer/ Authorized Agent,In effect,PNPA033 | Cheung Aek | Cheung Aek | 0889179899 | PNP | Phnom Penh Branch | Phnom Penh Branch
PNPA034,Dangkao 02,Dangkao 02,0889501199,PNP,Phnom Penh Branch,Phnom Penh Branch,Authorized Dealer/ Authorized Agent,In effect,PNPA034 | Dangkao 02 | Dangkao 02 | 0889501199 | PNP | Phnom Penh Branch | Phnom Penh Branch
PNPA035,Ruessei Kaev 01,Ruessei Kaev 01,0978252064,PNP,Phnom Penh Branch,Phnom Penh Branch,Authorized Dealer/ Authorized Agent,In effect,PNPA035 | Ruessei Kaev 01 | Ruessei Kaev 01 | 0978252064 | PNP | Phnom Penh Branch | Phnom Penh Branch
PNPA036,Phsar Daeum Kor,Phsar Daeum Kor,067444429,PNP,Phnom Penh Branch,Phnom Penh Branch,Authorized Dealer/ Authorized Agent,In effect,PNPA036 | Phsar Daeum Kor | Phsar Daeum Kor | 067444429 | PNP | Phnom Penh Branch | Phnom Penh Branch
PNPA037,Ruessei Kaev 02,Ruessei Kaev 02,0977779525,PNP,Phnom Penh Branch,Phnom Penh Branch,Authorized Dealer/ Authorized Agent,In effect,PNPA037 | Ruessei Kaev 02 | Ruessei Kaev 02 | 0977779525 | PNP | Phnom Penh Branch | Phnom Penh Branch
PNPA038,Kouk Khleang,Kouk Khleang,0884006677,PNP,Phnom Penh Branch,Phnom Penh Branch,Authorized Dealer/ Authorized Agent,In effect,PNPA038 | Kouk Khleang | Kouk Khleang | 0884006677 | PNP | Phnom Penh Branch | Phnom Penh Branch
PNPA039,Phnum Penh Thmei,Phnum Penh Thmei,0885712259,PNP,Phnom Penh Branch,Phnom Penh Branch,Authorized Dealer/ Authorized Agent,In effect,PNPA039 | Phnum Penh Thmei | Phnum Penh Thmei | 0885712259 | PNP | Phnom Penh Branch | Phnom Penh Branch
PNPA040,Tuek Thla 02,Tuek Thla 02,0973333018,PNP,Phnom Penh Branch,Phnom Penh Branch,Authorized Dealer/ Authorized Agent,In effect,PNPA040 | Tuek Thla 02 | Tuek Thla 02 | 0973333018 | PNP | Phnom Penh Branch | Phnom Penh Branch
PNPA041,Oulampik 02,Oulampik 02,0976606888,PNP,Phnom Penh Branch,Phnom Penh Branch,Authorized Dealer/ Authorized Agent,In effect,PNPA041 | Oulampik 02 | Oulampik 02 | 0976606888 | PNP | Phnom Penh Branch | Phnom Penh Branch
PNPA043,Preaek Pra,Preaek Pra,067426467,PNP,Phnom Penh Branch,Phnom Penh Branch,Authorized Dealer/ Authorized Agent,In effect,PNPA043 | Preaek Pra | Preaek Pra | 067426467 | PNP | Phnom Penh Branch | Phnom Penh Branch
PNPA044,Phsar Chas,Phsar Chas,0883633319,PNP,Phnom Penh Branch,Phnom Penh Branch,Authorized Dealer/ Authorized Agent,In effect,PNPA044 | Phsar Chas | Phsar Chas | 0883633319 | PNP | Phnom Penh Branch | Phnom Penh Branch
PNPA045,Boeng Proluet,Boeng Proluet,0976333853,PNP,Phnom Penh Branch,Phnom Penh Branch,Authorized Dealer/ Authorized Agent,In effect,PNPA045 | Boeng Proluet | Boeng Proluet | 0976333853 | PNP | Phnom Penh Branch | Phnom Penh Branch
PNPA046,Chaom Chau Ti Bei 01,Chaom Chau Ti Bei 01,066782866,PNP,Phnom Penh Branch,Phnom Penh Branch,Authorized Dealer/ Authorized Agent,In effect,PNPA046 | Chaom Chau Ti Bei 01 | Chaom Chau Ti Bei 01 | 066782866 | PNP | Phnom Penh Branch | Phnom Penh Branch
PNPA047,Phsar Thmei Ti Bei,Phsar Thmei Ti Bei,0886785800,PNP,Phnom Penh Branch,Phnom Penh Branch,Authorized Dealer/ Authorized Agent,In effect,PNPA047 | Phsar Thmei Ti Bei | Phsar Thmei Ti Bei | 0886785800 | PNP | Phnom Penh Branch | Phnom Penh Branch
PNPA048,Chrang Chamreh Ti Pir,Chrang Chamreh Ti Pir,0714224400,PNP,Phnom Penh Branch,Phnom Penh Branch,Authorized Dealer/ Authorized Agent,In effect,PNPA048 | Chrang Chamreh Ti Pir | Chrang Chamreh Ti Pir | 0714224400 | PNP | Phnom Penh Branch | Phnom Penh Branch
PNPA051,Tuek L'ak Ti Bei,Tuek L'ak Ti Bei,066841666,PNP,Phnom Penh Branch,Phnom Penh Branch,Authorized Dealer/ Authorized Agent,In effect,PNPA051 | Tuek L'ak Ti Bei | Tuek L'ak Ti Bei | 066841666 | PNP | Phnom Penh Branch | Phnom Penh Branch
PNPA052,Chak Angrae Kraom,Chak Angrae Kraom,0717102101,PNP,Phnom Penh Branch,Phnom Penh Branch,Authorized Dealer/ Authorized Agent,In effect,PNPA052 | Chak Angrae Kraom | Chak Angrae Kraom | 0717102101 | PNP | Phnom Penh Branch | Phnom Penh Branch
PNPA055,Boeng Tumpun Ti Muoy,Boeng Tumpun Ti Muoy,0972888509,PNP,Phnom Penh Branch,Phnom Penh Branch,Authorized Dealer/ Authorized Agent,In effect,PNPA055 | Boeng Tumpun Ti Muoy | Boeng Tumpun Ti Muoy | 0972888509 | PNP | Phnom Penh Branch | Phnom Penh Branch
PNPA059,Phsar Toch,Phsar Toch,0979994030,PNP,Phnom Penh Branch,Phnom Penh Branch,Authorized Dealer/ Authorized Agent,In effect,PNPA059 | Phsar Toch | Phsar Toch | 0979994030 | PNP | Phnom Penh Branch | Phnom Penh Branch
PNPA060,Phsar Thmei Ti Muoy,Phsar Thmei Ti Muoy,0713537070,PNP,Phnom Penh Branch,Phnom Penh Branch,Authorized Dealer/ Authorized Agent,In effect,PNPA060 | Phsar Thmei Ti Muoy | Phsar Thmei Ti Muoy | 0713537070 | PNP | Phnom Penh Branch | Phnom Penh Branch
PNPA064,Prey Pring Khang Tboung 2,Prey Pring Khang Tboung 2,0976639839,PNP,Phnom Penh Branch,Phnom Penh Branch,Authorized Dealer/ Authorized Agent,In effect,PNPA064 | Prey Pring Khang Tboung 2 | Prey Pring Khang Tboung 2 | 0976639839 | PNP | Phnom Penh Branch | Phnom Penh Branch
PNPA069,Ou Baek K am,Ou Baek K am,068389888,PNP,Phnom Penh Branch,Phnom Penh Branch,Authorized Dealer/ Authorized Agent,In effect,PNPA069 | Ou Baek K am | Ou Baek K am | 068389888 | PNP | Phnom Penh Branch | Phnom Penh Branch
PNPA070,Nirouth,Nirouth,068362286,PNP,Phnom Penh Branch,Phnom Penh Branch,Authorized Dealer/ Authorized Agent,In effect,PNPA070 | Nirouth | Nirouth | 068362286 | PNP | Phnom Penh Branch | Phnom Penh Branch
PNPA071,Chong Khsach,Chong Khsach,015604030,PNP,Phnom Penh Branch,Phnom Penh Branch,Authorized Dealer/ Authorized Agent,In effect,PNPA071 | Chong Khsach | Chong Khsach | 015604030 | PNP | Phnom Penh Branch | Phnom Penh Branch
PNPA072,Phsar Toch,Phsar Toch,089966655,PNP,Phnom Penh Branch,Phnom Penh Branch,Authorized Dealer/ Authorized Agent,In effect,PNPA072 | Phsar Toch | Phsar Toch | 089966655 | PNP | Phnom Penh Branch | Phnom Penh Branch
PNPA073,Phsar Depou Ti Pir Phum 2,Phsar Depou Ti Pir Phum 2,060243536,PNP,Phnom Penh Branch,Phnom Penh Branch,Authorized Dealer/ Authorized Agent,In effect,PNPA073 | Phsar Depou Ti Pir Phum 2 | Phsar Depou Ti Pir Phum 2 | 060243536 | PNP | Phnom Penh Branch | Phnom Penh Branch
PNPA074,Tuek Thla,Tuek Thla,066366789,PNP,Phnom Penh Branch,Phnom Penh Branch,Authorized Dealer/ Authorized Agent,In effect,PNPA074 | Tuek Thla | Tuek Thla | 066366789 | PNP | Phnom Penh Branch | Phnom Penh Branch
PNPA079,Kab Phluk,Kab Phluk,0975203928,PNP,Phnom Penh Branch,Phnom Penh Branch,Authorized Dealer/ Authorized Agent,In effect,PNPA079 | Kab Phluk | Kab Phluk | 0975203928 | PNP | Phnom Penh Branch | Phnom Penh Branch
PNPA080,Phleung Chheh Roteh,Phleung Chheh Roteh,,PNP,Phnom Penh Branch,Phnom Penh Branch,Authorized Dealer/ Authorized Agent,In effect,PNPA080 | Phleung Chheh Roteh | Phleung Chheh Roteh | PNP | Phnom Penh Branch | Phnom Penh Branch
PNPA081,Phsar Thmei Ti Bei Phum 3,Phsar Thmei Ti Bei Phum 3,0979700868,PNP,Phnom Penh Branch,Phnom Penh Branch,Authorized Dealer/ Authorized Agent,In effect,PNPA081 | Phsar Thmei Ti Bei Phum 3 | Phsar Thmei Ti Bei Phum 3 | 0979700868 | PNP | Phnom Penh Branch | Phnom Penh Branch
PNPA087,Boeng Tumpun Ti Muoy,Boeng Tumpun Ti Muoy,060673337,PNP,Phnom Penh Branch,Phnom Penh Branch,Authorized Dealer/ Authorized Agent,In effect,PNPA087 | Boeng Tumpun Ti Muoy | Boeng Tumpun Ti Muoy | 060673337 | PNP | Phnom Penh Branch | Phnom Penh Branch
PNPA088,Chaom Chau Ti Bei 02,Chaom Chau Ti Bei 02,066778278,PNP,Phnom Penh Branch,Phnom Penh Branch,Authorized Dealer/ Authorized Agent,In effect,PNPA088 | Chaom Chau Ti Bei 02 | Chaom Chau Ti Bei 02 | 066778278 | PNP | Phnom Penh Branch | Phnom Penh Branch
PNPA091,Chaom Chau 2 Phum 1,Chaom Chau 2 Phum 1,0882597401,PNP,Phnom Penh Branch,Phnom Penh Branch,Authorized Dealer/ Authorized Agent,In effect,PNPA091 | Chaom Chau 2 Phum 1 | Chaom Chau 2 Phum 1 | 0882597401 | PNP | Phnom Penh Branch | Phnom Penh Branch
PNPA095,Wat Nirouth,Wat Nirouth,0316888165,PNP,Phnom Penh Branch,Phnom Penh Branch,Authorized Dealer/ Authorized Agent,In effect,PNPA095 | Wat Nirouth | Wat Nirouth | 0316888165 | PNP | Phnom Penh Branch | Phnom Penh Branch
PNPA096,Tuek L ak Ti Bei Phum 2,Tuek L ak Ti Bei Phum 2,0973366376,PNP,Phnom Penh Branch,Phnom Penh Branch,Authorized Dealer/ Authorized Agent,In effect,PNPA096 | Tuek L ak Ti Bei Phum 2 | Tuek L ak Ti Bei Phum 2 | 0973366376 | PNP | Phnom Penh Branch | Phnom Penh Branch
PNPA100,Boeng Tumpun 1 Phum 1,Boeng Tumpun 1 Phum 1,0889202999,PNP,Phnom Penh Branch,Phnom Penh Branch,Authorized Dealer/ Authorized Agent,In effect,PNPA100 | Boeng Tumpun 1 Phum 1 | Boeng Tumpun 1 Phum 1 | 0889202999 | PNP | Phnom Penh Branch | Phnom Penh Branch
PNPP001,Chamkar Mon,Chamkar Mon,0886479090,PNP,Phnom Penh Branch,Phnom Penh Branch,Post office,In effect,PNPP001 | Chamkar Mon | Chamkar Mon | 0886479090 | PNP | Phnom Penh Branch | Phnom Penh Branch
PNPP002,Mean Chey 01,Mean Chey 01,0713951242,PNP,Phnom Penh Branch,Phnom Penh Branch,Post office,In effect,PNPP002 | Mean Chey 01 | Mean Chey 01 | 0713951242 | PNP | Phnom Penh Branch | Phnom Penh Branch
PNPP003,Mean Chey 02,Mean Chey 02,0315500998,PNP,Phnom Penh Branch,Phnom Penh Branch,Post office,In effect,PNPP003 | Mean Chey 02 | Mean Chey 02 | 0315500998 | PNP | Phnom Penh Branch | Phnom Penh Branch
PNPP004,Preaek Pnov,Preaek Pnov,0717674227,PNP,Phnom Penh Branch,Phnom Penh Branch,Post office,In effect,PNPP004 | Preaek Pnov | Preaek Pnov | 0717674227 | PNP | Phnom Penh Branch | Phnom Penh Branch
PNPP005,Chbar Ampov,Chbar Ampov,0975582123,PNP,Phnom Penh Branch,Phnom Penh Branch,Post office,In effect,PNPP005 | Chbar Ampov | Chbar Ampov | 0975582123 | PNP | Phnom Penh Branch | Phnom Penh Branch
PNPP006,Tuol Kouk,Tuol Kouk,068999330,PNP,Phnom Penh Branch,Phnom Penh Branch,Post office,In effect,PNPP006 | Tuol Kouk | Tuol Kouk | 068999330 | PNP | Phnom Penh Branch | Phnom Penh Branch
PNPP007,Boeng Keng Kang,Boeng Keng Kang,0977681433,PNP,Phnom Penh Branch,Phnom Penh Branch,Post office,In effect,PNPP007 | Boeng Keng Kang | Boeng Keng Kang | 0977681433 | PNP | Phnom Penh Branch | Phnom Penh Branch
PNPP008,Pou Saen Chey 01,Pou Saen Chey 01,0977872172,PNP,Phnom Penh Branch,Phnom Penh Branch,Post office,In effect,PNPP008 | Pou Saen Chey 01 | Pou Saen Chey 01 | 0977872172 | PNP | Phnom Penh Branch | Phnom Penh Branch
PNPP009,Pou Saen Chey 02,Pou Saen Chey 02,0712265139,PNP,Phnom Penh Branch,Phnom Penh Branch,Post office,In effect,PNPP009 | Pou Saen Chey 02 | Pou Saen Chey 02 | 0712265139 | PNP | Phnom Penh Branch | Phnom Penh Branch
PNPP010,Chraoy Chongvar,Chraoy Chongvar,068288779,PNP,Phnom Penh Branch,Phnom Penh Branch,Post office,In effect,PNPP010 | Chraoy Chongvar | Chraoy Chongvar | 068288779 | PNP | Phnom Penh Branch | Phnom Penh Branch
PNPP011,Dangkao,Dangkao,0883331768,PNP,Phnom Penh Branch,Phnom Penh Branch,Post office,In effect,PNPP011 | Dangkao | Dangkao | 0883331768 | PNP | Phnom Penh Branch | Phnom Penh Branch
PNPP012,Kamboul,Kamboul,,PNP,Phnom Penh Branch,Phnom Penh Branch,Post office,In effect,PNPP012 | Kamboul | Kamboul | PNP | Phnom Penh Branch | Phnom Penh Branch
PNPP013,Saen Sokh,Saen Sokh,0889432820,PNP,Phnom Penh Branch,Phnom Penh Branch,Post office,In effect,PNPP013 | Saen Sokh | Saen Sokh | 0889432820 | PNP | Phnom Penh Branch | Phnom Penh Branch
PNPP014,Doun Penh,Doun Penh,0888985557,PNP,Phnom Penh Branch,Phnom Penh Branch,Post office,In effect,PNPP014 | Doun Penh | Doun Penh | 0888985557 | PNP | Phnom Penh Branch | Phnom Penh Branch
PNPS001,Phsar Thmei Ti Muoy,Phsar Thmei Ti Muoy,,PNP,Phnom Penh Branch,Phnom Penh Branch,Post office,In effect,PNPS001 | Phsar Thmei Ti Muoy | Phsar Thmei Ti Muoy | PNP | Phnom Penh Branch | Phnom Penh Branch
PNPS002,Boeng Kak Ti Pir,Boeng Kak Ti Pir,,PNP,Phnom Penh Branch,Phnom Penh Branch,Post office,In effect,PNPS002 | Boeng Kak Ti Pir | Boeng Kak Ti Pir | PNP | Phnom Penh Branch | Phnom Penh Branch
PNPS003,Nirouth,Nirouth,,PNP,Phnom Penh Branch,Phnom Penh Branch,Post office,In effect,PNPS003 | Nirouth | Nirouth | PNP | Phnom Penh Branch | Phnom Penh Branch
PNPS004,Tuek Thla,Tuek Thla,,PNP,Phnom Penh Branch,Phnom Penh Branch,Post office,In effect,PNPS004 | Tuek Thla | Tuek Thla | PNP | Phnom Penh Branch | Phnom Penh Branch
PNPS005,Chaom Chau Ti Muoy 01,Chaom Chau Ti Muoy 01,,PNP,Phnom Penh Branch,Phnom Penh Branch,Post office,In effect,PNPS005 | Chaom Chau Ti Muoy 01 | Chaom Chau Ti Muoy 01 | PNP | Phnom Penh Branch | Phnom Penh Branch
PNPS006,Srah Chak,Srah Chak,,PNP,Phnom Penh Branch,Phnom Penh Branch,Post office,In effect,PNPS006 | Srah Chak | Srah Chak | PNP | Phnom Penh Branch | Phnom Penh Branch
PNPS007,Tuol Svay Prey Ti Pir,Tuol Svay Prey Ti Pir,,PNP,Phnom Penh Branch,Phnom Penh Branch,Post office,In effect,PNPS007 | Tuol Svay Prey Ti Pir | Tuol Svay Prey Ti Pir | PNP | Phnom Penh Branch | Phnom Penh Branch
PNPS008,Chaom Chau Ti Muoy 02,Chaom Chau Ti Muoy 02,,PNP,Phnom Penh Branch,Phnom Penh Branch,Post office,In effect,PNPS008 | Chaom Chau Ti Muoy 02 | Chaom Chau Ti Muoy 02 | PNP | Phnom Penh Branch | Phnom Penh Branch
PREA001,Prey Pnov 01,Prey Pnov 01,0888814399,PRE,Prey Veng,Prey Veng,Authorized Dealer/ Authorized Agent,In effect,PREA001 | Prey Pnov 01 | Prey Pnov 01 | 0888814399 | PRE | Prey Veng | Prey Veng
PREA002,Prey Kanlaong,Prey Kanlaong,0888864046,PRE,Prey Veng,Prey Veng,Authorized Dealer/ Authorized Agent,In effect,PREA002 | Prey Kanlaong | Prey Kanlaong | 0888864046 | PRE | Prey Veng | Prey Veng
PREA003,Svay Antor 01,Svay Antor 01,0888881669,PRE,Prey Veng,Prey Veng,Authorized Dealer/ Authorized Agent,In effect,PREA003 | Svay Antor 01 | Svay Antor 01 | 0888881669 | PRE | Prey Veng | Prey Veng
PREA004,Svay Antor 02,Svay Antor 02,0977610036,PRE,Prey Veng,Prey Veng,Authorized Dealer/ Authorized Agent,In effect,PREA004 | Svay Antor 02 | Svay Antor 02 | 0977610036 | PRE | Prey Veng | Prey Veng
PREA005,Preaek Ta Sar,Preaek Ta Sar,0718880188,PRE,Prey Veng,Prey Veng,Authorized Dealer/ Authorized Agent,In effect,PREA005 | Preaek Ta Sar | Preaek Ta Sar | 0718880188 | PRE | Prey Veng | Prey Veng
PREA006,Prey Daeum Thnoeng,Prey Daeum Thnoeng,0975161696,PRE,Prey Veng,Prey Veng,Authorized Dealer/ Authorized Agent,In effect,PREA006 | Prey Daeum Thnoeng | Prey Daeum Thnoeng | 0975161696 | PRE | Prey Veng | Prey Veng
PREA007,Roka,Roka,0887923737,PRE,Prey Veng,Prey Veng,Authorized Dealer/ Authorized Agent,In effect,PREA007 | Roka | Roka | 0887923737 | PRE | Prey Veng | Prey Veng
PREA008,Prey Pnov 02,Prey Pnov 02,068663933,PRE,Prey Veng,Prey Veng,Authorized Dealer/ Authorized Agent,In effect,PREA008 | Prey Pnov 02 | Prey Pnov 02 | 068663933 | PRE | Prey Veng | Prey Veng
PREA009,Smaong Khang Cheung,Smaong Khang Cheung,0717764777,PRE,Prey Veng,Prey Veng,Authorized Dealer/ Authorized Agent,In effect,PREA009 | Smaong Khang Cheung | Smaong Khang Cheung | 0717764777 | PRE | Prey Veng | Prey Veng
PREA010,Tnaot,Tnaot,0716638822,PRE,Prey Veng,Prey Veng,Authorized Dealer/ Authorized Agent,In effect,PREA010 | Tnaot | Tnaot | 0716638822 | PRE | Prey Veng | Prey Veng
PREA011,Kranhung,Kranhung,0979227625,PRE,Prey Veng,Prey Veng,Authorized Dealer/ Authorized Agent,In effect,PREA011 | Kranhung | Kranhung | 0979227625 | PRE | Prey Veng | Prey Veng
PREA012,Chres 01,Chres 01,0713644302,PRE,Prey Veng,Prey Veng,Authorized Dealer/ Authorized Agent,In effect,PREA012 | Chres 01 | Chres 01 | 0713644302 | PRE | Prey Veng | Prey Veng
PREA013,Prasat,Prasat,0314262232,PRE,Prey Veng,Prey Veng,Authorized Dealer/ Authorized Agent,In effect,PREA013 | Prasat | Prasat | 0314262232 | PRE | Prey Veng | Prey Veng
PREA014,Angkor Sar,Angkor Sar,0887732183,PRE,Prey Veng,Prey Veng,Authorized Dealer/ Authorized Agent,In effect,PREA014 | Angkor Sar | Angkor Sar | 0887732183 | PRE | Prey Veng | Prey Veng
PREA015,Banteay Chakrei 01,Banteay Chakrei 01,090348958,PRE,Prey Veng,Prey Veng,Authorized Dealer/ Authorized Agent,In effect,PREA015 | Banteay Chakrei 01 | Banteay Chakrei 01 | 090348958 | PRE | Prey Veng | Prey Veng
PREA016,Boeng Preah,Boeng Preah,0716909494,PRE,Prey Veng,Prey Veng,Authorized Dealer/ Authorized Agent,In effect,PREA016 | Boeng Preah | Boeng Preah | 0716909494 | PRE | Prey Veng | Prey Veng
PREA017,Preaek Khsay Kha,Preaek Khsay Kha,090236222,PRE,Prey Veng,Prey Veng,Authorized Dealer/ Authorized Agent,In effect,PREA017 | Preaek Khsay Kha | Preaek Khsay Kha | 090236222 | PRE | Prey Veng | Prey Veng
PREA018,Prey Totueng,Prey Totueng,0978381594,PRE,Prey Veng,Prey Veng,Authorized Dealer/ Authorized Agent,In effect,PREA018 | Prey Totueng | Prey Totueng | 0978381594 | PRE | Prey Veng | Prey Veng
PREA019,Kampong Trabaek,Kampong Trabaek,0978993411,PRE,Prey Veng,Prey Veng,Authorized Dealer/ Authorized Agent,In effect,PREA019 | Kampong Trabaek | Kampong Trabaek | 0978993411 | PRE | Prey Veng | Prey Veng
PREA020,Angkor Reach,Angkor Reach,0978931026,PRE,Prey Veng,Prey Veng,Authorized Dealer/ Authorized Agent,In effect,PREA020 | Angkor Reach | Angkor Reach | 0978931026 | PRE | Prey Veng | Prey Veng
PREA021,Banteay Chakrei 02,Banteay Chakrei 02,0714884338,PRE,Prey Veng,Prey Veng,Authorized Dealer/ Authorized Agent,In effect,PREA021 | Banteay Chakrei 02 | Banteay Chakrei 02 | 0714884338 | PRE | Prey Veng | Prey Veng
PREA022,Chres 02,Chres 02,0979060115,PRE,Prey Veng,Prey Veng,Authorized Dealer/ Authorized Agent,In effect,PREA022 | Chres 02 | Chres 02 | 0979060115 | PRE | Prey Veng | Prey Veng
PREA023,Peam Ro,Peam Ro,0314440002,PRE,Prey Veng,Prey Veng,Authorized Dealer/ Authorized Agent,In effect,PREA023 | Peam Ro | Peam Ro | 0314440002 | PRE | Prey Veng | Prey Veng
PREA024,Chheu Kach,Chheu Kach,0315555262,PRE,Prey Veng,Prey Veng,Authorized Dealer/ Authorized Agent,In effect,PREA024 | Chheu Kach | Chheu Kach | 0315555262 | PRE | Prey Veng | Prey Veng
PREA025,Peam Muntear,Peam Muntear,0712220180,PRE,Prey Veng,Prey Veng,Authorized Dealer/ Authorized Agent,In effect,PREA025 | Peam Muntear | Peam Muntear | 0712220180 | PRE | Prey Veng | Prey Veng
PREA026,Prey Tueng,Prey Tueng,0314874949,PRE,Prey Veng,Prey Veng,Authorized Dealer/ Authorized Agent,In effect,PREA026 | Prey Tueng | Prey Tueng | 0314874949 | PRE | Prey Veng | Prey Veng
PREA027,CHHEANG SEANGKHIN,CHHEANG SEANGKHIN,090772299,PRE,Prey Veng,Prey Veng,Authorized Dealer/ Authorized Agent,In effect,PREA027 | CHHEANG SEANGKHIN | CHHEANG SEANGKHIN | 090772299 | PRE | Prey Veng | Prey Veng
PREA028,Sao Raksmey,Sao Raksmey,0972706439,PRE,Prey Veng,Prey Veng,Authorized Dealer/ Authorized Agent,In effect,PREA028 | Sao Raksmey | Sao Raksmey | 0972706439 | PRE | Prey Veng | Prey Veng
PREA029,LAK TOLY,LAK TOLY,0884653111,PRE,Prey Veng,Prey Veng,Authorized Dealer/ Authorized Agent,In effect,PREA029 | LAK TOLY | LAK TOLY | 0884653111 | PRE | Prey Veng | Prey Veng
PREP001,Prey Veng,Prey Veng,0712930022,PRE,Prey Veng,Prey Veng,Post office,In effect,PREP001 | Prey Veng | Prey Veng | 0712930022 | PRE | Prey Veng | Prey Veng
PRES001,Kampong Leav,Kampong Leav,,PRE,Prey Veng,Prey Veng,Post office,In effect,PRES001 | Kampong Leav | Kampong Leav | PRE | Prey Veng | Prey Veng
PRES002,Preaek Khsay Kha,Preaek Khsay Kha,,PRE,Prey Veng,Prey Veng,Post office,In effect,PRES002 | Preaek Khsay Kha | Preaek Khsay Kha | PRE | Prey Veng | Prey Veng
PRES003,Chheu Kach,Chheu Kach,,PRE,Prey Veng,Prey Veng,Post office,In effect,PRES003 | Chheu Kach | Chheu Kach | PRE | Prey Veng | Prey Veng
PRES004,Roka,Roka,,PRE,Prey Veng,Prey Veng,Post office,In effect,PRES004 | Roka | Roka | PRE | Prey Veng | Prey Veng
PRES005,Pearang,Pearang,0973856137,PRE,Prey Veng,Prey Veng,Post office,In effect,PRES005 | Pearang | Pearang | 0973856137 | PRE | Prey Veng | Prey Veng
PRHA001,Pal Hal,Pal Hal,0972269860,PRH,Preah Vihear,Preah Vihear,Authorized Dealer/ Authorized Agent,In effect,PRHA001 | Pal Hal | Pal Hal | 0972269860 | PRH | Preah Vihear | Preah Vihear
PRHA002,Toek Kraham,Toek Kraham,0974833461,PRH,Preah Vihear,Preah Vihear,Authorized Dealer/ Authorized Agent,In effect,PRHA002 | Toek Kraham | Toek Kraham | 0974833461 | PRH | Preah Vihear | Preah Vihear
PRHA003,Rumdaoh Srae,Rumdaoh Srae,066286770,PRH,Preah Vihear,Preah Vihear,Authorized Dealer/ Authorized Agent,In effect,PRHA003 | Rumdaoh Srae | Rumdaoh Srae | 066286770 | PRH | Preah Vihear | Preah Vihear
PRHA004,Kantuot,Kantuot,0889903333,PRH,Preah Vihear,Preah Vihear,Authorized Dealer/ Authorized Agent,In effect,PRHA004 | Kantuot | Kantuot | 0889903333 | PRH | Preah Vihear | Preah Vihear
PRHA005,Kuleaen Tboung,Kuleaen Tboung,0313309030,PRH,Preah Vihear,Preah Vihear,Authorized Dealer/ Authorized Agent,In effect,PRHA005 | Kuleaen Tboung | Kuleaen Tboung | 0313309030 | PRH | Preah Vihear | Preah Vihear
PRHA006,Choam Khsan,Choam Khsan,0316692222,PRH,Preah Vihear,Preah Vihear,Authorized Dealer/ Authorized Agent,In effect,PRHA006 | Choam Khsan | Choam Khsan | 0316692222 | PRH | Preah Vihear | Preah Vihear
PRHA007,Kampong Sralau Pir,Kampong Sralau Pir,0977477105,PRH,Preah Vihear,Preah Vihear,Authorized Dealer/ Authorized Agent,In effect,PRHA007 | Kampong Sralau Pir | Kampong Sralau Pir | 0977477105 | PRH | Preah Vihear | Preah Vihear
PRHA008,Chamraeun,Chamraeun,0979999660,PRH,Preah Vihear,Preah Vihear,Authorized Dealer/ Authorized Agent,In effect,PRHA008 | Chamraeun | Chamraeun | 0979999660 | PRH | Preah Vihear | Preah Vihear
PRHA009,S'ang,S'ang,0887799550,PRH,Preah Vihear,Preah Vihear,Authorized Dealer/ Authorized Agent,In effect,PRHA009 | S'ang | S'ang | 0887799550 | PRH | Preah Vihear | Preah Vihear
PRHA010,Preah Khleang,Preah Khleang,0883220036,PRH,Preah Vihear,Preah Vihear,Authorized Dealer/ Authorized Agent,In effect,PRHA010 | Preah Khleang | Preah Khleang | 0883220036 | PRH | Preah Vihear | Preah Vihear
PRHA011,Robieb,Robieb,0972123227,PRH,Preah Vihear,Preah Vihear,Authorized Dealer/ Authorized Agent,In effect,PRHA011 | Robieb | Robieb | 0972123227 | PRH | Preah Vihear | Preah Vihear
PRHA012,Chhaeb Muoy,Chhaeb Muoy,0977268488,PRH,Preah Vihear,Preah Vihear,Authorized Dealer/ Authorized Agent,In effect,PRHA012 | Chhaeb Muoy | Chhaeb Muoy | 0977268488 | PRH | Preah Vihear | Preah Vihear
PRHA013,Rummeakney,Rummeakney,0312353506,PRH,Preah Vihear,Preah Vihear,Authorized Dealer/ Authorized Agent,In effect,PRHA013 | Rummeakney | Rummeakney | 0312353506 | PRH | Preah Vihear | Preah Vihear
PRHA015,Phnum Tbaeng Pir,Phnum Tbaeng Pir,0975434842,PRH,Preah Vihear,Preah Vihear,Authorized Dealer/ Authorized Agent,In effect,PRHA015 | Phnum Tbaeng Pir | Phnum Tbaeng Pir | 0975434842 | PRH | Preah Vihear | Preah Vihear
PRHA016,Srayang,Srayang,0882224111,PRH,Preah Vihear,Preah Vihear,Authorized Dealer/ Authorized Agent,In effect,PRHA016 | Srayang | Srayang | 0882224111 | PRH | Preah Vihear | Preah Vihear
PRHP001,Preah Vihear,Preah Vihear,0974477281,PRH,Preah Vihear,Preah Vihear,Post office,In effect,PRHP001 | Preah Vihear | Preah Vihear | 0974477281 | PRH | Preah Vihear | Preah Vihear
PRHS001,Kampong Pranak,Kampong Pranak,,PRH,Preah Vihear,Preah Vihear,Post office,In effect,PRHS001 | Kampong Pranak | Kampong Pranak | PRH | Preah Vihear | Preah Vihear
PURA001,Kandieng,Kandieng,0975599822,PUR,Pursat,Pursat,Authorized Dealer/ Authorized Agent,In effect,PURA001 | Kandieng | Kandieng | 0975599822 | PUR | Pursat | Pursat
PURA002,Srae Sdok,Srae Sdok,060382388,PUR,Pursat,Pursat,Authorized Dealer/ Authorized Agent,In effect,PURA002 | Srae Sdok | Srae Sdok | 060382388 | PUR | Pursat | Pursat
PURA003,Chheu Tom,Chheu Tom,0712510096,PUR,Pursat,Pursat,Authorized Dealer/ Authorized Agent,In effect,PURA003 | Chheu Tom | Chheu Tom | 0712510096 | PUR | Pursat | Pursat
PURA004,Phteah Rung,Phteah Rung,0883656115,PUR,Pursat,Pursat,Authorized Dealer/ Authorized Agent,In effect,PURA004 | Phteah Rung | Phteah Rung | 0883656115 | PUR | Pursat | Pursat
PURA005,Sna Ansa,Sna Ansa,0977934754,PUR,Pursat,Pursat,Authorized Dealer/ Authorized Agent,In effect,PURA005 | Sna Ansa | Sna Ansa | 0977934754 | PUR | Pursat | Pursat
PURA006,Leach,Leach,0973333773,PUR,Pursat,Pursat,Authorized Dealer/ Authorized Agent,In effect,PURA006 | Leach | Leach | 0973333773 | PUR | Pursat | Pursat
PURA007,Ta Lou 01,Ta Lou 01,0715421918,PUR,Pursat,Pursat,Authorized Dealer/ Authorized Agent,In effect,PURA007 | Ta Lou 01 | Ta Lou 01 | 0715421918 | PUR | Pursat | Pursat
PURA008,Anlung Tnaot,Anlung Tnaot,0974178777,PUR,Pursat,Pursat,Authorized Dealer/ Authorized Agent,In effect,PURA008 | Anlung Tnaot | Anlung Tnaot | 0974178777 | PUR | Pursat | Pursat
PURA009,Me Tuek,Me Tuek,067300991,PUR,Pursat,Pursat,Authorized Dealer/ Authorized Agent,In effect,PURA009 | Me Tuek | Me Tuek | 067300991 | PUR | Pursat | Pursat
PURA010,Pramaoy 01,Pramaoy 01,0889002282,PUR,Pursat,Pursat,Authorized Dealer/ Authorized Agent,In effect,PURA010 | Pramaoy 01 | Pramaoy 01 | 0889002282 | PUR | Pursat | Pursat
PURA011,Pramaoy 02,Pramaoy 02,0884370168,PUR,Pursat,Pursat,Authorized Dealer/ Authorized Agent,In effect,PURA011 | Pramaoy 02 | Pramaoy 02 | 0884370168 | PUR | Pursat | Pursat
PURA012,Meng Sorphorn,Meng Sorphorn,0977395398,PUR,Pursat,Pursat,Authorized Dealer/ Authorized Agent,In effect,PURA012 | Meng Sorphorn | Meng Sorphorn | 0977395398 | PUR | Pursat | Pursat
PURA013,Chorn Phang,Chorn Phang,0889469666,PUR,Pursat,Pursat,Authorized Dealer/ Authorized Agent,In effect,PURA013 | Chorn Phang | Chorn Phang | 0889469666 | PUR | Pursat | Pursat
PURA014,Snam Preah,Snam Preah,0976632663,PUR,Pursat,Pursat,Authorized Dealer/ Authorized Agent,In effect,PURA014 | Snam Preah | Snam Preah | 0976632663 | PUR | Pursat | Pursat
PURA015,Ou Sandan,Ou Sandan,0977990073,PUR,Pursat,Pursat,Authorized Dealer/ Authorized Agent,In effect,PURA015 | Ou Sandan | Ou Sandan | 0977990073 | PUR | Pursat | Pursat
PURA016,Ta Lou 02,Ta Lou 02,0966719553,PUR,Pursat,Pursat,Authorized Dealer/ Authorized Agent,In effect,PURA016 | Ta Lou 02 | Ta Lou 02 | 0966719553 | PUR | Pursat | Pursat
PURA017,Boeng Khnar,Boeng Khnar,0713222192,PUR,Pursat,Pursat,Authorized Dealer/ Authorized Agent,In effect,PURA017 | Boeng Khnar | Boeng Khnar | 0713222192 | PUR | Pursat | Pursat
PURA018,Trapeang Chong,Trapeang Chong,0976877444,PUR,Pursat,Pursat,Authorized Dealer/ Authorized Agent,In effect,PURA018 | Trapeang Chong | Trapeang Chong | 0976877444 | PUR | Pursat | Pursat
PURP001,Pousat,Pousat,0977738488,PUR,Pursat,Pursat,Post office,In effect,PURP001 | Pousat | Pousat | 0977738488 | PUR | Pursat | Pursat
PURS001,Phteah Prey,Phteah Prey,,PUR,Pursat,Pursat,Post office,In effect,PURS001 | Phteah Prey | Phteah Prey | PUR | Pursat | Pursat
PURS002,Boeng Khnar,Boeng Khnar,,PUR,Pursat,Pursat,Post office,In effect,PURS002 | Boeng Khnar | Boeng Khnar | PUR | Pursat | Pursat
ROTA001,Trapeang Chres,Trapeang Chres,0974707171,ROT,Ratanak Kiri,Ratanak Kiri,Authorized Dealer/ Authorized Agent,In effect,ROTA001 | Trapeang Chres | Trapeang Chres | 0974707171 | ROT | Ratanak Kiri | Ratanak Kiri
ROTA002,Labansiek,Labansiek,0975578077,ROT,Ratanak Kiri,Ratanak Kiri,Authorized Dealer/ Authorized Agent,In effect,ROTA002 | Labansiek | Labansiek | 0975578077 | ROT | Ratanak Kiri | Ratanak Kiri
ROTA003,Ta Veaeng Leu,Ta Veaeng Leu,0717272436,ROT,Ratanak Kiri,Ratanak Kiri,Authorized Dealer/ Authorized Agent,In effect,ROTA003 | Ta Veaeng Leu | Ta Veaeng Leu | 0717272436 | ROT | Ratanak Kiri | Ratanak Kiri
ROTA004,Veun Sai,Veun Sai,0974970505,ROT,Ratanak Kiri,Ratanak Kiri,Authorized Dealer/ Authorized Agent,In effect,ROTA004 | Veun Sai | Veun Sai | 0974970505 | ROT | Ratanak Kiri | Ratanak Kiri
ROTA005,Lum Choar,Lum Choar,0979818199,ROT,Ratanak Kiri,Ratanak Kiri,Authorized Dealer/ Authorized Agent,In effect,ROTA005 | Lum Choar | Lum Choar | 0979818199 | ROT | Ratanak Kiri | Ratanak Kiri
ROTA006,Chey Otdam 01,Chey Otdam 01,0977740002,ROT,Ratanak Kiri,Ratanak Kiri,Authorized Dealer/ Authorized Agent,In effect,ROTA006 | Chey Otdam 01 | Chey Otdam 01 | 0977740002 | ROT | Ratanak Kiri | Ratanak Kiri
ROTA007,Malik,Malik,0974538161,ROT,Ratanak Kiri,Ratanak Kiri,Authorized Dealer/ Authorized Agent,In effect,ROTA007 | Malik | Malik | 0974538161 | ROT | Ratanak Kiri | Ratanak Kiri
ROTA008,Kachanh 01,Kachanh 01,0978252640,ROT,Ratanak Kiri,Ratanak Kiri,Authorized Dealer/ Authorized Agent,In effect,ROTA008 | Kachanh 01 | Kachanh 01 | 0978252640 | ROT | Ratanak Kiri | Ratanak Kiri
ROTA009,Kachanh 02,Kachanh 02,0888989883,ROT,Ratanak Kiri,Ratanak Kiri,Authorized Dealer/ Authorized Agent,In effect,ROTA009 | Kachanh 02 | Kachanh 02 | 0888989883 | ROT | Ratanak Kiri | Ratanak Kiri
ROTA010,Teun,Teun,0885949079,ROT,Ratanak Kiri,Ratanak Kiri,Authorized Dealer/ Authorized Agent,In effect,ROTA010 | Teun | Teun | 0885949079 | ROT | Ratanak Kiri | Ratanak Kiri
ROTA011,Chey Otdam 02,Chey Otdam 02,0975862533,ROT,Ratanak Kiri,Ratanak Kiri,Authorized Dealer/ Authorized Agent,In effect,ROTA011 | Chey Otdam 02 | Chey Otdam 02 | 0975862533 | ROT | Ratanak Kiri | Ratanak Kiri
ROTA012,Ba Tang,Ba Tang,060929929,ROT,Ratanak Kiri,Ratanak Kiri,Authorized Dealer/ Authorized Agent,In effect,ROTA012 | Ba Tang | Ba Tang | 060929929 | ROT | Ratanak Kiri | Ratanak Kiri
ROTA013,Ou Chum,Ou Chum,0313377735,ROT,Ratanak Kiri,Ratanak Kiri,Authorized Dealer/ Authorized Agent,In effect,ROTA013 | Ou Chum | Ou Chum | 0313377735 | ROT | Ratanak Kiri | Ratanak Kiri
ROTA014,Trapeang Kraham 01,Trapeang Kraham 01,0974821222,ROT,Ratanak Kiri,Ratanak Kiri,Authorized Dealer/ Authorized Agent,In effect,ROTA014 | Trapeang Kraham 01 | Trapeang Kraham 01 | 0974821222 | ROT | Ratanak Kiri | Ratanak Kiri
ROTA015,Veun Sai,Veun Sai,,ROT,Ratanak Kiri,Ratanak Kiri,Authorized Dealer/ Authorized Agent,In effect,ROTA015 | Veun Sai | Veun Sai | ROT | Ratanak Kiri | Ratanak Kiri
ROTA016,Trapeang Kraham 02,Trapeang Kraham 02,0979604499,ROT,Ratanak Kiri,Ratanak Kiri,Authorized Dealer/ Authorized Agent,In effect,ROTA016 | Trapeang Kraham 02 | Trapeang Kraham 02 | 0979604499 | ROT | Ratanak Kiri | Ratanak Kiri
ROTA017,Srae Angkrong,Srae Angkrong,0972997353,ROT,Ratanak Kiri,Ratanak Kiri,Authorized Dealer/ Authorized Agent,In effect,ROTA017 | Srae Angkrong | Srae Angkrong | 0972997353 | ROT | Ratanak Kiri | Ratanak Kiri
ROTS001,Labansiek,Labansiek,,ROT,Ratanak Kiri,Ratanak Kiri,Post office,In effect,ROTS001 | Labansiek | Labansiek | ROT | Ratanak Kiri | Ratanak Kiri
ROTS002,La Minh,La Minh,,ROT,Ratanak Kiri,Ratanak Kiri,Post office,In effect,ROTS002 | La Minh | La Minh | ROT | Ratanak Kiri | Ratanak Kiri
ROTS003,Boeng Kansaeng,Boeng Kansaeng,,ROT,Ratanak Kiri,Ratanak Kiri,Post office,In effect,ROTS003 | Boeng Kansaeng | Boeng Kansaeng | ROT | Ratanak Kiri | Ratanak Kiri
SIEA001,Svay Leu,Svay Leu,0979053555,SIE,Siem Reap,Siem Reap,Authorized Dealer/ Authorized Agent,In effect,SIEA001 | Svay Leu | Svay Leu | 0979053555 | SIE | Siem Reap | Siem Reap
SIEA002,Puok 01,Puok 01,0975481444,SIE,Siem Reap,Siem Reap,Authorized Dealer/ Authorized Agent,In effect,SIEA002 | Puok 01 | Puok 01 | 0975481444 | SIE | Siem Reap | Siem Reap
SIEA003,Dam Daek,Dam Daek,066865653,SIE,Siem Reap,Siem Reap,Authorized Dealer/ Authorized Agent,In effect,SIEA003 | Dam Daek | Dam Daek | 066865653 | SIE | Siem Reap | Siem Reap
SIEA005,Srangae,Srangae,,SIE,Siem Reap,Siem Reap,Authorized Dealer/ Authorized Agent,In effect,SIEA005 | Srangae | Srangae | SIE | Siem Reap | Siem Reap
SIEA006,Kralanh,Kralanh,0975464445,SIE,Siem Reap,Siem Reap,Authorized Dealer/ Authorized Agent,In effect,SIEA006 | Kralanh | Kralanh | 0975464445 | SIE | Siem Reap | Siem Reap
SIEA007,Srae Nouy,Srae Nouy,,SIE,Siem Reap,Siem Reap,Authorized Dealer/ Authorized Agent,In effect,SIEA007 | Srae Nouy | Srae Nouy | SIE | Siem Reap | Siem Reap
SIEA008,Kampong Kdei,Kampong Kdei,,SIE,Siem Reap,Siem Reap,Authorized Dealer/ Authorized Agent,In effect,SIEA008 | Kampong Kdei | Kampong Kdei | SIE | Siem Reap | Siem Reap
SIEA009,Samraong,Samraong,0718448884,SIE,Siem Reap,Siem Reap,Authorized Dealer/ Authorized Agent,In effect,SIEA009 | Samraong | Samraong | 0718448884 | SIE | Siem Reap | Siem Reap
SIEA010,Kantreang,Kantreang,0886526700,SIE,Siem Reap,Siem Reap,Authorized Dealer/ Authorized Agent,In effect,SIEA010 | Kantreang | Kantreang | 0886526700 | SIE | Siem Reap | Siem Reap
SIEA011,Sala Kamraeuk,Sala Kamraeuk,067557686,SIE,Siem Reap,Siem Reap,Authorized Dealer/ Authorized Agent,In effect,SIEA011 | Sala Kamraeuk | Sala Kamraeuk | 067557686 | SIE | Siem Reap | Siem Reap
SIEA012,Ballang,Ballang,0974693524,SIE,Siem Reap,Siem Reap,Authorized Dealer/ Authorized Agent,In effect,SIEA012 | Ballang | Ballang | 0974693524 | SIE | Siem Reap | Siem Reap
SIEA014,Chrouy Neang Nguon,Chrouy Neang Nguon,0884818395,SIE,Siem Reap,Siem Reap,Authorized Dealer/ Authorized Agent,In effect,SIEA014 | Chrouy Neang Nguon | Chrouy Neang Nguon | 0884818395 | SIE | Siem Reap | Siem Reap
SIEA016,Siem Reab,Siem Reab,,SIE,Siem Reap,Siem Reap,Authorized Dealer/ Authorized Agent,In effect,SIEA016 | Siem Reab | Siem Reab | SIE | Siem Reap | Siem Reap
SIEA017,Kouk Chak,Kouk Chak,066728622,SIE,Siem Reap,Siem Reap,Authorized Dealer/ Authorized Agent,In effect,SIEA017 | Kouk Chak | Kouk Chak | 066728622 | SIE | Siem Reap | Siem Reap
SIEA022,Puok 02,Puok 02,0712668626,SIE,Siem Reap,Siem Reap,Authorized Dealer/ Authorized Agent,In effect,SIEA022 | Puok 02 | Puok 02 | 0712668626 | SIE | Siem Reap | Siem Reap
SIEA030,Char Chhuk,Char Chhuk,0974577522,SIE,Siem Reap,Siem Reap,Authorized Dealer/ Authorized Agent,In effect,SIEA030 | Char Chhuk | Char Chhuk | 0974577522 | SIE | Siem Reap | Siem Reap
SIEA031,Khnar Sanday,Khnar Sanday,090811187,SIE,Siem Reap,Siem Reap,Authorized Dealer/ Authorized Agent,In effect,SIEA031 | Khnar Sanday | Khnar Sanday | 090811187 | SIE | Siem Reap | Siem Reap
SIEA033,Svay Sa,Svay Sa,,SIE,Siem Reap,Siem Reap,Authorized Dealer/ Authorized Agent,In effect,SIEA033 | Svay Sa | Svay Sa | SIE | Siem Reap | Siem Reap
SIEA034,Anlung Samnar,Anlung Samnar,0977666622,SIE,Siem Reap,Siem Reap,Authorized Dealer/ Authorized Agent,In effect,SIEA034 | Anlung Samnar | Anlung Samnar | 0977666622 | SIE | Siem Reap | Siem Reap
SIEA035,Sla Kram,Sla Kram,0713333717,SIE,Siem Reap,Siem Reap,Authorized Dealer/ Authorized Agent,In effect,SIEA035 | Sla Kram | Sla Kram | 0713333717 | SIE | Siem Reap | Siem Reap
SIEA036,Kaev Poar,Kaev Poar,,SIE,Siem Reap,Siem Reap,Authorized Dealer/ Authorized Agent,In effect,SIEA036 | Kaev Poar | Kaev Poar | SIE | Siem Reap | Siem Reap
SIEA037,Ruessei Lok,Ruessei Lok,,SIE,Siem Reap,Siem Reap,Authorized Dealer/ Authorized Agent,In effect,SIEA037 | Ruessei Lok | Ruessei Lok | SIE | Siem Reap | Siem Reap
SIEA038,Peak Snaeng,Peak Snaeng,066728622,SIE,Siem Reap,Siem Reap,Authorized Dealer/ Authorized Agent,In effect,SIEA038 | Peak Snaeng | Peak Snaeng | 066728622 | SIE | Siem Reap | Siem Reap
SIEA039,Kandaek,Kandaek,,SIE,Siem Reap,Siem Reap,Authorized Dealer/ Authorized Agent,In effect,SIEA039 | Kandaek | Kandaek | SIE | Siem Reap | Siem Reap
SIEP001,Siem Reab,Siem Reab,0976241999,SIE,Siem Reap,Siem Reap,Post office,In effect,SIEP001 | Siem Reab | Siem Reab | 0976241999 | SIE | Siem Reap | Siem Reap
SIES001,Kouk Chak,Kouk Chak,,SIE,Siem Reap,Siem Reap,Post office,In effect,SIES001 | Kouk Chak | Kouk Chak | SIE | Siem Reap | Siem Reap
SIES002,Siem Reab,Siem Reab,,SIE,Siem Reap,Siem Reap,Post office,In effect,SIES002 | Siem Reab | Siem Reab | SIE | Siem Reap | Siem Reap
SIES003,Dam Daek,Dam Daek,,SIE,Siem Reap,Siem Reap,Post office,In effect,SIES003 | Dam Daek | Dam Daek | SIE | Siem Reap | Siem Reap
SIHA001,Tumnob Rolok,Tumnob Rolok,,SIH,Sihanoukville,Sihanoukville,Authorized Dealer/ Authorized Agent,In effect,SIHA001 | Tumnob Rolok | Tumnob Rolok | SIH | Sihanoukville | Sihanoukville
SIHA002,Boeng Ta Prum,Boeng Ta Prum,,SIH,Sihanoukville,Sihanoukville,Authorized Dealer/ Authorized Agent,In effect,SIHA002 | Boeng Ta Prum | Boeng Ta Prum | SIH | Sihanoukville | Sihanoukville
SIHA003,Ou Oknha Heng,Ou Oknha Heng,,SIH,Sihanoukville,Sihanoukville,Authorized Dealer/ Authorized Agent,In effect,SIHA003 | Ou Oknha Heng | Ou Oknha Heng | SIH | Sihanoukville | Sihanoukville
SIHA004,Prey Nob,Prey Nob,0882218111,SIH,Sihanoukville,Sihanoukville,Authorized Dealer/ Authorized Agent,In effect,SIHA004 | Prey Nob | Prey Nob | 0882218111 | SIH | Sihanoukville | Sihanoukville
SIHA005,Andoung Thma,Andoung Thma,,SIH,Sihanoukville,Sihanoukville,Authorized Dealer/ Authorized Agent,In effect,SIHA005 | Andoung Thma | Andoung Thma | SIH | Sihanoukville | Sihanoukville
SIHA006,Cheung Kou,Cheung Kou,,SIH,Sihanoukville,Sihanoukville,Authorized Dealer/ Authorized Agent,In effect,SIHA006 | Cheung Kou | Cheung Kou | SIH | Sihanoukville | Sihanoukville
SIHA007,Lekh Muoy 01,Lekh Muoy 01,0886566000,SIH,Sihanoukville,Sihanoukville,Authorized Dealer/ Authorized Agent,In effect,SIHA007 | Lekh Muoy 01 | Lekh Muoy 01 | 0886566000 | SIH | Sihanoukville | Sihanoukville
SIHA008,Lekh Muoy 02,Lekh Muoy 02,0314000700,SIH,Sihanoukville,Sihanoukville,Authorized Dealer/ Authorized Agent,In effect,SIHA008 | Lekh Muoy 02 | Lekh Muoy 02 | 0314000700 | SIH | Sihanoukville | Sihanoukville
SIHA009,Stueng Chhay,Stueng Chhay,0716668661,SIH,Sihanoukville,Sihanoukville,Authorized Dealer/ Authorized Agent,In effect,SIHA009 | Stueng Chhay | Stueng Chhay | 0716668661 | SIH | Sihanoukville | Sihanoukville
SIHP001,Preah Sihanouk,Preah Sihanouk,0972158568,SIH,Sihanoukville,Sihanoukville,Post office,In effect,SIHP001 | Preah Sihanouk | Preah Sihanouk | 0972158568 | SIH | Sihanoukville | Sihanoukville
SIHS001,Lekh Buon,Lekh Buon,,SIH,Sihanoukville,Sihanoukville,Post office,In effect,SIHS001 | Lekh Buon | Lekh Buon | SIH | Sihanoukville | Sihanoukville
SIHS002,Veal Renh,Veal Renh,,SIH,Sihanoukville,Sihanoukville,Post office,In effect,SIHS002 | Veal Renh | Veal Renh | SIH | Sihanoukville | Sihanoukville
SPEA001,Preah Khae,Preah Khae,0977626085,SPE,Kampong Speu,Kampong Speu,Authorized Dealer/ Authorized Agent,In effect,SPEA001 | Preah Khae | Preah Khae | 0977626085 | SPE | Kampong Speu | Kampong Speu
SPEA002,Svay Rumpear,Svay Rumpear,060317111,SPE,Kampong Speu,Kampong Speu,Authorized Dealer/ Authorized Agent,In effect,SPEA002 | Svay Rumpear | Svay Rumpear | 060317111 | SPE | Kampong Speu | Kampong Speu
SPEA003,Krang Chek,Krang Chek,0975188198,SPE,Kampong Speu,Kampong Speu,Authorized Dealer/ Authorized Agent,In effect,SPEA003 | Krang Chek | Krang Chek | 0975188198 | SPE | Kampong Speu | Kampong Speu
SPEA004,Roka Kaoh 01,Roka Kaoh 01,0976433308,SPE,Kampong Speu,Kampong Speu,Authorized Dealer/ Authorized Agent,In effect,SPEA004 | Roka Kaoh 01 | Roka Kaoh 01 | 0976433308 | SPE | Kampong Speu | Kampong Speu
SPEA005,Sambour,Sambour,0884207700,SPE,Kampong Speu,Kampong Speu,Authorized Dealer/ Authorized Agent,In effect,SPEA005 | Sambour | Sambour | 0884207700 | SPE | Kampong Speu | Kampong Speu
SPEA007,Samrong Tong,Samrong Tong,0314214242,SPE,Kampong Speu,Kampong Speu,Authorized Dealer/ Authorized Agent,In effect,SPEA007 | Samrong Tong | Samrong Tong | 0314214242 | SPE | Kampong Speu | Kampong Speu
SPEA008,Pou Chamraeun,Pou Chamraeun,0712929111,SPE,Kampong Speu,Kampong Speu,Authorized Dealer/ Authorized Agent,In effect,SPEA008 | Pou Chamraeun | Pou Chamraeun | 0712929111 | SPE | Kampong Speu | Kampong Speu
SPEA009,Traeng Trayueng,Traeng Trayueng,067735151,SPE,Kampong Speu,Kampong Speu,Authorized Dealer/ Authorized Agent,In effect,SPEA009 | Traeng Trayueng | Traeng Trayueng | 067735151 | SPE | Kampong Speu | Kampong Speu
SPEA010,Pneay,Pneay,0977773588,SPE,Kampong Speu,Kampong Speu,Authorized Dealer/ Authorized Agent,In effect,SPEA010 | Pneay | Pneay | 0977773588 | SPE | Kampong Speu | Kampong Speu
SPEA011,Rung Roeang,Rung Roeang,0883539111,SPE,Kampong Speu,Kampong Speu,Authorized Dealer/ Authorized Agent,In effect,SPEA011 | Rung Roeang | Rung Roeang | 0883539111 | SPE | Kampong Speu | Kampong Speu
SPEA012,Amleang,Amleang,0718570111,SPE,Kampong Speu,Kampong Speu,Authorized Dealer/ Authorized Agent,In effect,SPEA012 | Amleang | Amleang | 0718570111 | SPE | Kampong Speu | Kampong Speu
SPEA013,Skuh,Skuh,0887393401,SPE,Kampong Speu,Kampong Speu,Authorized Dealer/ Authorized Agent,In effect,SPEA013 | Skuh | Skuh | 0887393401 | SPE | Kampong Speu | Kampong Speu
SPEA014,Chambak,Chambak,067309697,SPE,Kampong Speu,Kampong Speu,Authorized Dealer/ Authorized Agent,In effect,SPEA014 | Chambak | Chambak | 067309697 | SPE | Kampong Speu | Kampong Speu
SPEA015,Roleang Kreul 01,Roleang Kreul 01,0979207902,SPE,Kampong Speu,Kampong Speu,Authorized Dealer/ Authorized Agent,In effect,SPEA015 | Roleang Kreul 01 | Roleang Kreul 01 | 0979207902 | SPE | Kampong Speu | Kampong Speu
SPEA016,Roka Kaoh 02,Roka Kaoh 02,0979028751,SPE,Kampong Speu,Kampong Speu,Authorized Dealer/ Authorized Agent,In effect,SPEA016 | Roka Kaoh 02 | Roka Kaoh 02 | 0979028751 | SPE | Kampong Speu | Kampong Speu
SPEA017,Khsem Khsan,Khsem Khsan,0319173555,SPE,Kampong Speu,Kampong Speu,Authorized Dealer/ Authorized Agent,In effect,SPEA017 | Khsem Khsan | Khsem Khsan | 0319173555 | SPE | Kampong Speu | Kampong Speu
SPEA018,Pheakdei,Pheakdei,0978894333,SPE,Kampong Speu,Kampong Speu,Authorized Dealer/ Authorized Agent,In effect,SPEA018 | Pheakdei | Pheakdei | 0978894333 | SPE | Kampong Speu | Kampong Speu
SPEA019,Prey Kmeng,Prey Kmeng,0719000076,SPE,Kampong Speu,Kampong Speu,Authorized Dealer/ Authorized Agent,In effect,SPEA019 | Prey Kmeng | Prey Kmeng | 0719000076 | SPE | Kampong Speu | Kampong Speu
SPEA021,Tang Krouch,Tang Krouch,090240230,SPE,Kampong Speu,Kampong Speu,Authorized Dealer/ Authorized Agent,In effect,SPEA021 | Tang Krouch | Tang Krouch | 090240230 | SPE | Kampong Speu | Kampong Speu
SPEA022,Voa Sar,Voa Sar,0716368844,SPE,Kampong Speu,Kampong Speu,Authorized Dealer/ Authorized Agent,In effect,SPEA022 | Voa Sar | Voa Sar | 0716368844 | SPE | Kampong Speu | Kampong Speu
SPEA023,Trapeang Chou,Trapeang Chou,0979744416,SPE,Kampong Speu,Kampong Speu,Authorized Dealer/ Authorized Agent,In effect,SPEA023 | Trapeang Chou | Trapeang Chou | 0979744416 | SPE | Kampong Speu | Kampong Speu
SPEA025,Tang Sya,Tang Sya,0976668600,SPE,Kampong Speu,Kampong Speu,Authorized Dealer/ Authorized Agent,In effect,SPEA025 | Tang Sya | Tang Sya | 0976668600 | SPE | Kampong Speu | Kampong Speu
SPEA026,Ta Sal,Ta Sal,0972572737,SPE,Kampong Speu,Kampong Speu,Authorized Dealer/ Authorized Agent,In effect,SPEA026 | Ta Sal | Ta Sal | 0972572737 | SPE | Kampong Speu | Kampong Speu
SPEA027,Ou,Ou,0718952758,SPE,Kampong Speu,Kampong Speu,Authorized Dealer/ Authorized Agent,In effect,SPEA027 | Ou | Ou | 0718952758 | SPE | Kampong Speu | Kampong Speu
SPEA028,Veang Chas,Veang Chas,090888506,SPE,Kampong Speu,Kampong Speu,Authorized Dealer/ Authorized Agent,In effect,SPEA028 | Veang Chas | Veang Chas | 090888506 | SPE | Kampong Speu | Kampong Speu
SPEA029,Sangkae Satob,Sangkae Satob,0889342916,SPE,Kampong Speu,Kampong Speu,Authorized Dealer/ Authorized Agent,In effect,SPEA029 | Sangkae Satob | Sangkae Satob | 0889342916 | SPE | Kampong Speu | Kampong Speu
SPEA031,Krang Khnong,Krang Khnong,0975566365,SPE,Kampong Speu,Kampong Speu,Authorized Dealer/ Authorized Agent,In effect,SPEA031 | Krang Khnong | Krang Khnong | 0975566365 | SPE | Kampong Speu | Kampong Speu
SPEA032,Roleang Kreul 02,Roleang Kreul 02,0974122355,SPE,Kampong Speu,Kampong Speu,Authorized Dealer/ Authorized Agent,In effect,SPEA032 | Roleang Kreul 02 | Roleang Kreul 02 | 0974122355 | SPE | Kampong Speu | Kampong Speu
SPEP001,Chbar Mon,Chbar Mon,0715554858,SPE,Kampong Speu,Kampong Speu,Post office,In effect,SPEP001 | Chbar Mon | Chbar Mon | 0715554858 | SPE | Kampong Speu | Kampong Speu
SPES001,Rokar Thum,Rokar Thum,,SPE,Kampong Speu,Kampong Speu,Post office,In effect,SPES001 | Rokar Thum | Rokar Thum | SPE | Kampong Speu | Kampong Speu
SPES002,Snam Krapeu,Snam Krapeu,,SPE,Kampong Speu,Kampong Speu,Post office,In effect,SPES002 | Snam Krapeu | Snam Krapeu | SPE | Kampong Speu | Kampong Speu
STUA001,Sekong,Sekong,0718149159,STU,Stung Treng,Stung Treng,Authorized Dealer/ Authorized Agent,In effect,STUA001 | Sekong | Sekong | 0718149159 | STU | Stung Treng | Stung Treng
STUA002,Siem Bouk 01,Siem Bouk 01,0884737897,STU,Stung Treng,Stung Treng,Authorized Dealer/ Authorized Agent,In effect,STUA002 | Siem Bouk 01 | Siem Bouk 01 | 0884737897 | STU | Stung Treng | Stung Treng
STUA003,Ou Svay,Ou Svay,0888713860,STU,Stung Treng,Stung Treng,Authorized Dealer/ Authorized Agent,In effect,STUA003 | Ou Svay | Ou Svay | 0888713860 | STU | Stung Treng | Stung Treng
STUA004,Kbal Romeas 01,Kbal Romeas 01,0979115186,STU,Stung Treng,Stung Treng,Authorized Dealer/ Authorized Agent,In effect,STUA004 | Kbal Romeas 01 | Kbal Romeas 01 | 0979115186 | STU | Stung Treng | Stung Treng
STUA006,Siem Bouk 02,Siem Bouk 02,0974769888,STU,Stung Treng,Stung Treng,Authorized Dealer/ Authorized Agent,In effect,STUA006 | Siem Bouk 02 | Siem Bouk 02 | 0974769888 | STU | Stung Treng | Stung Treng
STUA007,Phluk,Phluk,0718796868,STU,Stung Treng,Stung Treng,Authorized Dealer/ Authorized Agent,In effect,STUA007 | Phluk | Phluk | 0718796868 | STU | Stung Treng | Stung Treng
STUA008,Kbal Romeas 02,Kbal Romeas 02,0889899074,STU,Stung Treng,Stung Treng,Authorized Dealer/ Authorized Agent,In effect,STUA008 | Kbal Romeas 02 | Kbal Romeas 02 | 0889899074 | STU | Stung Treng | Stung Treng
STUA009,Anlung Chrey,Anlung Chrey,0887515877,STU,Stung Treng,Stung Treng,Authorized Dealer/ Authorized Agent,In effect,STUA009 | Anlung Chrey | Anlung Chrey | 0887515877 | STU | Stung Treng | Stung Treng
STUA010,Preah Rumkel,Preah Rumkel,0889099904,STU,Stung Treng,Stung Treng,Authorized Dealer/ Authorized Agent,In effect,STUA010 | Preah Rumkel | Preah Rumkel | 0889099904 | STU | Stung Treng | Stung Treng
STUS001,Stueng Traeng,Stueng Traeng,,STU,Stung Treng,Stung Treng,Post office,In effect,STUS001 | Stueng Traeng | Stueng Traeng | STU | Stung Treng | Stung Treng
SVAA001,Khsaet,Khsaet,0975390008,SVA,Svay Rieng,Svay Rieng,Authorized Dealer/ Authorized Agent,In effect,SVAA001 | Khsaet | Khsaet | 0975390008 | SVA | Svay Rieng | Svay Rieng
SVAA002,Kokir,Kokir,0974595363,SVA,Svay Rieng,Svay Rieng,Authorized Dealer/ Authorized Agent,In effect,SVAA002 | Kokir | Kokir | 0974595363 | SVA | Svay Rieng | Svay Rieng
SVAA003,Ang Prasrae,Ang Prasrae,0716431779,SVA,Svay Rieng,Svay Rieng,Authorized Dealer/ Authorized Agent,In effect,SVAA003 | Ang Prasrae | Ang Prasrae | 0716431779 | SVA | Svay Rieng | Svay Rieng
SVAA004,Kampong Chak,Kampong Chak,0977281916,SVA,Svay Rieng,Svay Rieng,Authorized Dealer/ Authorized Agent,In effect,SVAA004 | Kampong Chak | Kampong Chak | 0977281916 | SVA | Svay Rieng | Svay Rieng
SVAA005,Bati,Bati,0979151383,SVA,Svay Rieng,Svay Rieng,Authorized Dealer/ Authorized Agent,In effect,SVAA005 | Bati | Bati | 0979151383 | SVA | Svay Rieng | Svay Rieng
SVAA006,Samraong,Samraong,0973077882,SVA,Svay Rieng,Svay Rieng,Authorized Dealer/ Authorized Agent,In effect,SVAA006 | Samraong | Samraong | 0973077882 | SVA | Svay Rieng | Svay Rieng
SVAA007,Kruos,Kruos,0884779853,SVA,Svay Rieng,Svay Rieng,Authorized Dealer/ Authorized Agent,In effect,SVAA007 | Kruos | Kruos | 0884779853 | SVA | Svay Rieng | Svay Rieng
SVAA008,Chantrei,Chantrei,0714023030,SVA,Svay Rieng,Svay Rieng,Authorized Dealer/ Authorized Agent,In effect,SVAA008 | Chantrei | Chantrei | 0714023030 | SVA | Svay Rieng | Svay Rieng
SVAA009,Doun Sa,Doun Sa,0714743388,SVA,Svay Rieng,Svay Rieng,Authorized Dealer/ Authorized Agent,In effect,SVAA009 | Doun Sa | Doun Sa | 0714743388 | SVA | Svay Rieng | Svay Rieng
SVAA010,Kampong Trach,Kampong Trach,0717678881,SVA,Svay Rieng,Svay Rieng,Authorized Dealer/ Authorized Agent,In effect,SVAA010 | Kampong Trach | Kampong Trach | 0717678881 | SVA | Svay Rieng | Svay Rieng
SVAA011,Sambat Mean Chey,Sambat Mean Chey,0712255771,SVA,Svay Rieng,Svay Rieng,Authorized Dealer/ Authorized Agent,In effect,SVAA011 | Sambat Mean Chey | Sambat Mean Chey | 0712255771 | SVA | Svay Rieng | Svay Rieng
SVAA012,Doung,Doung,0976954441,SVA,Svay Rieng,Svay Rieng,Authorized Dealer/ Authorized Agent,In effect,SVAA012 | Doung | Doung | 0976954441 | SVA | Svay Rieng | Svay Rieng
SVAA013,Chres,Chres,0977050535,SVA,Svay Rieng,Svay Rieng,Authorized Dealer/ Authorized Agent,In effect,SVAA013 | Chres | Chres | 0977050535 | SVA | Svay Rieng | Svay Rieng
SVAA014,Mream,Mream,0979255956,SVA,Svay Rieng,Svay Rieng,Authorized Dealer/ Authorized Agent,In effect,SVAA014 | Mream | Mream | 0979255956 | SVA | Svay Rieng | Svay Rieng
SVAA015,Svay Thum,Svay Thum,0887241333,SVA,Svay Rieng,Svay Rieng,Authorized Dealer/ Authorized Agent,In effect,SVAA015 | Svay Thum | Svay Thum | 0887241333 | SVA | Svay Rieng | Svay Rieng
SVAA016,Pou Reach,Pou Reach,0888787630,SVA,Svay Rieng,Svay Rieng,Authorized Dealer/ Authorized Agent,In effect,SVAA016 | Pou Reach | Pou Reach | 0888787630 | SVA | Svay Rieng | Svay Rieng
SVAA017,Chrey Thum,Chrey Thum,0887666963,SVA,Svay Rieng,Svay Rieng,Authorized Dealer/ Authorized Agent,In effect,SVAA017 | Chrey Thum | Chrey Thum | 0887666963 | SVA | Svay Rieng | Svay Rieng
SVAA018,Koki Saom,Koki Saom,0974444011,SVA,Svay Rieng,Svay Rieng,Authorized Dealer/ Authorized Agent,In effect,SVAA018 | Koki Saom | Koki Saom | 0974444011 | SVA | Svay Rieng | Svay Rieng
SVAP001,Svay Rieng,Svay Rieng,0979938909,SVA,Svay Rieng,Svay Rieng,Post office,In effect,SVAP001 | Svay Rieng | Svay Rieng | 0979938909 | SVA | Svay Rieng | Svay Rieng
SVAS001,Svay Rieng,Svay Rieng,,SVA,Svay Rieng,Svay Rieng,Post office,In effect,SVAS001 | Svay Rieng | Svay Rieng | SVA | Svay Rieng | Svay Rieng
SVAS002,Bavet,Bavet,,SVA,Svay Rieng,Svay Rieng,Post office,In effect,SVAS002 | Bavet | Bavet | SVA | Svay Rieng | Svay Rieng
SVAS003,Chrak Mtes,Chrak Mtes,,SVA,Svay Rieng,Svay Rieng,Post office,In effect,SVAS003 | Chrak Mtes | Chrak Mtes | SVA | Svay Rieng | Svay Rieng
SVAS004,Kampong Trach,Kampong Trach,,SVA,Svay Rieng,Svay Rieng,Post office,In effect,SVAS004 | Kampong Trach | Kampong Trach | SVA | Svay Rieng | Svay Rieng
TAKA001,Ou Saray,Ou Saray,0979577757,TAK,Takeo,Takeo,Authorized Dealer/ Authorized Agent,In effect,TAKA001 | Ou Saray | Ou Saray | 0979577757 | TAK | Takeo | Takeo
TAKA002,Sun Chanchav,Sun Chanchav,0979997422,TAK,Takeo,Takeo,Authorized Dealer/ Authorized Agent,In effect,TAKA002 | Sun Chanchav | Sun Chanchav | 0979997422 | TAK | Takeo | Takeo
TAKA003,Trapeang Kranhung,Trapeang Kranhung,090464768,TAK,Takeo,Takeo,Authorized Dealer/ Authorized Agent,In effect,TAKA003 | Trapeang Kranhung | Trapeang Kranhung | 090464768 | TAK | Takeo | Takeo
TAKA004,Tram Kak,Tram Kak,0978347373,TAK,Takeo,Takeo,Authorized Dealer/ Authorized Agent,In effect,TAKA004 | Tram Kak | Tram Kak | 0978347373 | TAK | Takeo | Takeo
TAKA005,Romenh 01,Romenh 01,0882509797,TAK,Takeo,Takeo,Authorized Dealer/ Authorized Agent,In effect,TAKA005 | Romenh 01 | Romenh 01 | 0882509797 | TAK | Takeo | Takeo
TAKA006,Sambuor,Sambuor,0974442250,TAK,Takeo,Takeo,Authorized Dealer/ Authorized Agent,In effect,TAKA006 | Sambuor | Sambuor | 0974442250 | TAK | Takeo | Takeo
TAKA007,Angkanh,Angkanh,0716073334,TAK,Takeo,Takeo,Authorized Dealer/ Authorized Agent,In effect,TAKA007 | Angkanh | Angkanh | 0716073334 | TAK | Takeo | Takeo
TAKA008,Khvav,Khvav,0973335986,TAK,Takeo,Takeo,Authorized Dealer/ Authorized Agent,In effect,TAKA008 | Khvav | Khvav | 0973335986 | TAK | Takeo | Takeo
TAKA009,Kouk Pou,Kouk Pou,0715926060,TAK,Takeo,Takeo,Authorized Dealer/ Authorized Agent,In effect,TAKA009 | Kouk Pou | Kouk Pou | 0715926060 | TAK | Takeo | Takeo
TAKA010,Krapum Chhuk,Krapum Chhuk,0314792525,TAK,Takeo,Takeo,Authorized Dealer/ Authorized Agent,In effect,TAKA010 | Krapum Chhuk | Krapum Chhuk | 0314792525 | TAK | Takeo | Takeo
TAKA011,Prey Rumdeng,Prey Rumdeng,0977969632,TAK,Takeo,Takeo,Authorized Dealer/ Authorized Agent,In effect,TAKA011 | Prey Rumdeng | Prey Rumdeng | 0977969632 | TAK | Takeo | Takeo
TAKA012,Keom Leang,Keom Leang,0883003500,TAK,Takeo,Takeo,Authorized Dealer/ Authorized Agent,In effect,TAKA012 | Keom Leang | Keom Leang | 0883003500 | TAK | Takeo | Takeo
TAKA013,Phnum Den,Phnum Den,0719966622,TAK,Takeo,Takeo,Authorized Dealer/ Authorized Agent,In effect,TAKA013 | Phnum Den | Phnum Den | 0719966622 | TAK | Takeo | Takeo
TAKA014,Prey Phdau,Prey Phdau,068565053,TAK,Takeo,Takeo,Authorized Dealer/ Authorized Agent,In effect,TAKA014 | Prey Phdau | Prey Phdau | 068565053 | TAK | Takeo | Takeo
TAKA015,Romenh 02,Romenh 02,0718199971,TAK,Takeo,Takeo,Authorized Dealer/ Authorized Agent,In effect,TAKA015 | Romenh 02 | Romenh 02 | 0718199971 | TAK | Takeo | Takeo
TAKA016,Angkor Borei,Angkor Borei,0882456600,TAK,Takeo,Takeo,Authorized Dealer/ Authorized Agent,In effect,TAKA016 | Angkor Borei | Angkor Borei | 0882456600 | TAK | Takeo | Takeo
TAKA017,Chea Ran,Chea Ran,0973252226,TAK,Takeo,Takeo,Authorized Dealer/ Authorized Agent,In effect,TAKA017 | Chea Ran | Chea Ran | 0973252226 | TAK | Takeo | Takeo
TAKA018,Doung Khpos,Doung Khpos,0716504365,TAK,Takeo,Takeo,Authorized Dealer/ Authorized Agent,In effect,TAKA018 | Doung Khpos | Doung Khpos | 0716504365 | TAK | Takeo | Takeo
TAKA019,Lumchang,Lumchang,0884366010,TAK,Takeo,Takeo,Authorized Dealer/ Authorized Agent,In effect,TAKA019 | Lumchang | Lumchang | 0884366010 | TAK | Takeo | Takeo
TAKA020,Prey Khla,Prey Khla,068596596,TAK,Takeo,Takeo,Authorized Dealer/ Authorized Agent,In effect,TAKA020 | Prey Khla | Prey Khla | 068596596 | TAK | Takeo | Takeo
TAKA022,Kandoeng,Kandoeng,060976777,TAK,Takeo,Takeo,Authorized Dealer/ Authorized Agent,In effect,TAKA022 | Kandoeng | Kandoeng | 060976777 | TAK | Takeo | Takeo
TAKA023,Ye Sopheak,Ye Sopheak,0978900095,TAK,Takeo,Takeo,Authorized Dealer/ Authorized Agent,In effect,TAKA023 | Ye Sopheak | Ye Sopheak | 0978900095 | TAK | Takeo | Takeo
TAKA024,Ta Ou,Ta Ou,0889879540,TAK,Takeo,Takeo,Authorized Dealer/ Authorized Agent,In effect,TAKA024 | Ta Ou | Ta Ou | 0889879540 | TAK | Takeo | Takeo
TAKA025,Ang Ta Saom,Ang Ta Saom,0312850101,TAK,Takeo,Takeo,Authorized Dealer/ Authorized Agent,In effect,TAKA025 | Ang Ta Saom | Ang Ta Saom | 0312850101 | TAK | Takeo | Takeo
TAKA026,Prey Ampok,Prey Ampok,0972726725,TAK,Takeo,Takeo,Authorized Dealer/ Authorized Agent,In effect,TAKA026 | Prey Ampok | Prey Ampok | 0972726725 | TAK | Takeo | Takeo
TAKA027,Preah Bat Choan Chum,Preah Bat Choan Chum,0888831888,TAK,Takeo,Takeo,Authorized Dealer/ Authorized Agent,In effect,TAKA027 | Preah Bat Choan Chum | Preah Bat Choan Chum | 0888831888 | TAK | Takeo | Takeo
TAKA028,Borei Chulsar,Borei Chulsar,0717077780,TAK,Takeo,Takeo,Authorized Dealer/ Authorized Agent,In effect,TAKA028 | Borei Chulsar | Borei Chulsar | 0717077780 | TAK | Takeo | Takeo
TAKA031,Ba Srae,Ba Srae,0889666094,TAK,Takeo,Takeo,Authorized Dealer/ Authorized Agent,In effect,TAKA031 | Ba Srae | Ba Srae | 0889666094 | TAK | Takeo | Takeo
TAKA032,Roka Krau,Roka Krau,0887333393,TAK,Takeo,Takeo,Authorized Dealer/ Authorized Agent,In effect,TAKA032 | Roka Krau | Roka Krau | 0887333393 | TAK | Takeo | Takeo
TAKA033,Prey Kabbas,Prey Kabbas,0976304505,TAK,Takeo,Takeo,Authorized Dealer/ Authorized Agent,In effect,TAKA033 | Prey Kabbas | Prey Kabbas | 0976304505 | TAK | Takeo | Takeo
TAKP001,Doun Kaev,Doun Kaev,0885749816,TAK,Takeo,Takeo,Post office,In effect,TAKP001 | Doun Kaev | Doun Kaev | 0885749816 | TAK | Takeo | Takeo
TAKS001,Roka Krau,Roka Krau,,TAK,Takeo,Takeo,Post office,In effect,TAKS001 | Roka Krau | Roka Krau | TAK | Takeo | Takeo
TAKS002,Ang Ta Saom,Ang Ta Saom,,TAK,Takeo,Takeo,Post office,In effect,TAKS002 | Ang Ta Saom | Ang Ta Saom | TAK | Takeo | Takeo
TAKS003,Trapeang Sab,Trapeang Sab,,TAK,Takeo,Takeo,Post office,In effect,TAKS003 | Trapeang Sab | Trapeang Sab | TAK | Takeo | Takeo
TAKS004,Preah Bat Choan Chum,Preah Bat Choan Chum,,TAK,Takeo,Takeo,Post office,In effect,TAKS004 | Preah Bat Choan Chum | Preah Bat Choan Chum | TAK | Takeo | Takeo
TBKA001,Peus Mouy,Peus Mouy,068737348,TBK,Tboung Khmum,Tboung Khmum,Authorized Dealer/ Authorized Agent,In effect,TBKA001 | Peus Mouy | Peus Mouy | 068737348 | TBK | Tboung Khmum | Tboung Khmum
TBKA002,Tramung,Tramung,0885963596,TBK,Tboung Khmum,Tboung Khmum,Authorized Dealer/ Authorized Agent,In effect,TBKA002 | Tramung | Tramung | 0885963596 | TBK | Tboung Khmum | Tboung Khmum
TBKA004,Choam Kravien,Choam Kravien,0712266338,TBK,Tboung Khmum,Tboung Khmum,Authorized Dealer/ Authorized Agent,In effect,TBKA004 | Choam Kravien | Choam Kravien | 0712266338 | TBK | Tboung Khmum | Tboung Khmum
TBKA005,Dar,Dar,060744744,TBK,Tboung Khmum,Tboung Khmum,Authorized Dealer/ Authorized Agent,In effect,TBKA005 | Dar | Dar | 060744744 | TBK | Tboung Khmum | Tboung Khmum
TBKA006,Rumchek,Rumchek,0977161141,TBK,Tboung Khmum,Tboung Khmum,Authorized Dealer/ Authorized Agent,In effect,TBKA006 | Rumchek | Rumchek | 0977161141 | TBK | Tboung Khmum | Tboung Khmum
TBKA008,Kaong Kang,Kaong Kang,0888574737,TBK,Tboung Khmum,Tboung Khmum,Authorized Dealer/ Authorized Agent,In effect,TBKA008 | Kaong Kang | Kaong Kang | 0888574737 | TBK | Tboung Khmum | Tboung Khmum
TBKA009,Trapeang Phlong,Trapeang Phlong,0884540504,TBK,Tboung Khmum,Tboung Khmum,Authorized Dealer/ Authorized Agent,In effect,TBKA009 | Trapeang Phlong | Trapeang Phlong | 0884540504 | TBK | Tboung Khmum | Tboung Khmum
TBKA010,Dambae,Dambae,0715000544,TBK,Tboung Khmum,Tboung Khmum,Authorized Dealer/ Authorized Agent,In effect,TBKA010 | Dambae | Dambae | 0715000544 | TBK | Tboung Khmum | Tboung Khmum
TBKA011,Chong Cheach,Chong Cheach,0975645656,TBK,Tboung Khmum,Tboung Khmum,Authorized Dealer/ Authorized Agent,In effect,TBKA011 | Chong Cheach | Chong Cheach | 0975645656 | TBK | Tboung Khmum | Tboung Khmum
TBKA012,Chhuk,Chhuk,0713223344,TBK,Tboung Khmum,Tboung Khmum,Authorized Dealer/ Authorized Agent,In effect,TBKA012 | Chhuk | Chhuk | 0713223344 | TBK | Tboung Khmum | Tboung Khmum
TBKA013,Chumnik,Chumnik,0979840645,TBK,Tboung Khmum,Tboung Khmum,Authorized Dealer/ Authorized Agent,In effect,TBKA013 | Chumnik | Chumnik | 0979840645 | TBK | Tboung Khmum | Tboung Khmum
TBKA014,Trea,Trea,0887088800,TBK,Tboung Khmum,Tboung Khmum,Authorized Dealer/ Authorized Agent,In effect,TBKA014 | Trea | Trea | 0887088800 | TBK | Tboung Khmum | Tboung Khmum
TBKA015,Chak,Chak,0887233382,TBK,Tboung Khmum,Tboung Khmum,Authorized Dealer/ Authorized Agent,In effect,TBKA015 | Chak | Chak | 0887233382 | TBK | Tboung Khmum | Tboung Khmum
TBKA016,Kraek,Kraek,0978885861,TBK,Tboung Khmum,Tboung Khmum,Authorized Dealer/ Authorized Agent,In effect,TBKA016 | Kraek | Kraek | 0978885861 | TBK | Tboung Khmum | Tboung Khmum
TBKA017,Kor 01,Kor 01,0976451168,TBK,Tboung Khmum,Tboung Khmum,Authorized Dealer/ Authorized Agent,In effect,TBKA017 | Kor 01 | Kor 01 | 0976451168 | TBK | Tboung Khmum | Tboung Khmum
TBKA018,Choam Ta Mau,Choam Ta Mau,0886768706,TBK,Tboung Khmum,Tboung Khmum,Authorized Dealer/ Authorized Agent,In effect,TBKA018 | Choam Ta Mau | Choam Ta Mau | 0886768706 | TBK | Tboung Khmum | Tboung Khmum
TBKA019,Chob,Chob,0979696886,TBK,Tboung Khmum,Tboung Khmum,Authorized Dealer/ Authorized Agent,In effect,TBKA019 | Chob | Chob | 0979696886 | TBK | Tboung Khmum | Tboung Khmum
TBKA020,Peam Chileang,Peam Chileang,0974912222,TBK,Tboung Khmum,Tboung Khmum,Authorized Dealer/ Authorized Agent,In effect,TBKA020 | Peam Chileang | Peam Chileang | 0974912222 | TBK | Tboung Khmum | Tboung Khmum
TBKA021,Sralab,Sralab,0972588168,TBK,Tboung Khmum,Tboung Khmum,Authorized Dealer/ Authorized Agent,In effect,TBKA021 | Sralab | Sralab | 0972588168 | TBK | Tboung Khmum | Tboung Khmum
TBKA022,Kor 02,Kor 02,0978785059,TBK,Tboung Khmum,Tboung Khmum,Authorized Dealer/ Authorized Agent,In effect,TBKA022 | Kor 02 | Kor 02 | 0978785059 | TBK | Tboung Khmum | Tboung Khmum
TBKP001,Suong,Suong,0319777797,TBK,Tboung Khmum,Tboung Khmum,Post office,In effect,TBKP001 | Suong | Suong | 0319777797 | TBK | Tboung Khmum | Tboung Khmum
TBKS001,Suong,Suong,,TBK,Tboung Khmum,Tboung Khmum,Post office,In effect,TBKS001 | Suong | Suong | TBK | Tboung Khmum | Tboung Khmum
TBKS002,Kraek,Kraek,,TBK,Tboung Khmum,Tboung Khmum,Post office,In effect,TBKS002 | Kraek | Kraek | TBK | Tboung Khmum | Tboung Khmum
TBKS003,Memut,Memut,,TBK,Tboung Khmum,Tboung Khmum,Post office,In effect,TBKS003 | Memut | Memut | TBK | Tboung Khmum | Tboung Khmum
TBKS004,Ampil Ta Pok,Ampil Ta Pok,,TBK,Tboung Khmum,Tboung Khmum,Post office,In effect,TBKS004 | Ampil Ta Pok | Ampil Ta Pok | TBK | Tboung Khmum | Tboung Khmum
THOA001,Srayouv,Srayouv,,THO,Kampong Thom,Kampong Thom,Authorized Dealer/ Authorized Agent,In effect,THOA001 | Srayouv | Srayouv | THO | Kampong Thom | Kampong Thom
THOA002,Sou Young,Sou Young,0979678777,THO,Kampong Thom,Kampong Thom,Authorized Dealer/ Authorized Agent,In effect,THOA002 | Sou Young | Sou Young | 0979678777 | THO | Kampong Thom | Kampong Thom
THOA003,Triel,Triel,0889900252,THO,Kampong Thom,Kampong Thom,Authorized Dealer/ Authorized Agent,In effect,THOA003 | Triel | Triel | 0889900252 | THO | Kampong Thom | Kampong Thom
THOA004,Baray,Baray,090235666,THO,Kampong Thom,Kampong Thom,Authorized Dealer/ Authorized Agent,In effect,THOA004 | Baray | Baray | 090235666 | THO | Kampong Thom | Kampong Thom
THOA005,Bak Sna,Bak Sna,0977557199,THO,Kampong Thom,Kampong Thom,Authorized Dealer/ Authorized Agent,In effect,THOA005 | Bak Sna | Bak Sna | 0977557199 | THO | Kampong Thom | Kampong Thom
THOA006,Tbaeng,Tbaeng,,THO,Kampong Thom,Kampong Thom,Authorized Dealer/ Authorized Agent,In effect,THOA006 | Tbaeng | Tbaeng | THO | Kampong Thom | Kampong Thom
THOA007,Tang Krasang,Tang Krasang,090834810,THO,Kampong Thom,Kampong Thom,Authorized Dealer/ Authorized Agent,In effect,THOA007 | Tang Krasang | Tang Krasang | 090834810 | THO | Kampong Thom | Kampong Thom
THOA008,San Ko,San Ko,0975120190,THO,Kampong Thom,Kampong Thom,Authorized Dealer/ Authorized Agent,In effect,THOA008 | San Ko | San Ko | 0975120190 | THO | Kampong Thom | Kampong Thom
THOA009,Tum Ring,Tum Ring,066687713,THO,Kampong Thom,Kampong Thom,Authorized Dealer/ Authorized Agent,In effect,THOA009 | Tum Ring | Tum Ring | 066687713 | THO | Kampong Thom | Kampong Thom
THOA010,Kraya,Kraya,0883588806,THO,Kampong Thom,Kampong Thom,Authorized Dealer/ Authorized Agent,In effect,THOA010 | Kraya | Kraya | 0883588806 | THO | Kampong Thom | Kampong Thom
THOA011,Sala Visai,Sala Visai,068848840,THO,Kampong Thom,Kampong Thom,Authorized Dealer/ Authorized Agent,In effect,THOA011 | Sala Visai | Sala Visai | 068848840 | THO | Kampong Thom | Kampong Thom
THOA013,Chhuk,Chhuk,,THO,Kampong Thom,Kampong Thom,Authorized Dealer/ Authorized Agent,In effect,THOA013 | Chhuk | Chhuk | THO | Kampong Thom | Kampong Thom
THOA014,Krava,Krava,0972163303,THO,Kampong Thom,Kampong Thom,Authorized Dealer/ Authorized Agent,In effect,THOA014 | Krava | Krava | 0972163303 | THO | Kampong Thom | Kampong Thom
THOA015,Kampong Chen Tboung,Kampong Chen Tboung,0977008490,THO,Kampong Thom,Kampong Thom,Authorized Dealer/ Authorized Agent,In effect,THOA015 | Kampong Chen Tboung | Kampong Chen Tboung | 0977008490 | THO | Kampong Thom | Kampong Thom
THOA016,Chamna Kraom,Chamna Kraom,0885709168,THO,Kampong Thom,Kampong Thom,Authorized Dealer/ Authorized Agent,In effect,THOA016 | Chamna Kraom | Chamna Kraom | 0885709168 | THO | Kampong Thom | Kampong Thom
THOA018,Sambour,Sambour,,THO,Kampong Thom,Kampong Thom,Authorized Dealer/ Authorized Agent,In effect,THOA018 | Sambour | Sambour | THO | Kampong Thom | Kampong Thom
THOP001,Stueng Saen,Stueng Saen,0882133448,THO,Kampong Thom,Kampong Thom,Post office,In effect,THOP001 | Stueng Saen | Stueng Saen | 0882133448 | THO | Kampong Thom | Kampong Thom
THOS001,Prey Ta Hu,Prey Ta Hu,,THO,Kampong Thom,Kampong Thom,Post office,Out of effect,THOS001 | Prey Ta Hu | Prey Ta Hu | THO | Kampong Thom | Kampong Thom
THOS002,Ballang,Ballang,,THO,Kampong Thom,Kampong Thom,Post office,In effect,THOS002 | Ballang | Ballang | THO | Kampong Thom | Kampong Thom
THOS003,Kampong Chen Cheung,Kampong Chen Cheung,,THO,Kampong Thom,Kampong Thom,Post office,In effect,THOS003 | Kampong Chen Cheung | Kampong Chen Cheung | THO | Kampong Thom | Kampong Thom
THOS004,Sandan,Sandan,,THO,Kampong Thom,Kampong Thom,Post office,In effect,THOS004 | Sandan | Sandan | THO | Kampong Thom | Kampong Thom
PNPTTSST,PNP TEST,PNP TEST,,TTCNVTP,Trung tâm Công nghệ - VTP - test,Trung tâm Công nghệ - VTP - test,Post office,Out of effect,PNPTTSST | PNP TEST | PNP TEST | TTCNVTP | Trung tâm Công nghệ - VTP - test | Trung tâm Công nghệ - VTP - test
